GarageArea,GarageCars,GarageYrBlt,TotRmsAbvGrd,FullBath,GrLivArea,1stFlrSF,TotalBsmtSF,BsmtFinSF1,MasVnrArea,YearRemodAdd,YearBuilt,OverallQual,SalePrice
548,2,2003.0,8,2,1710,856,856,706,196.0,2003,2003,7,208500
460,2,1976.0,6,2,1262,1262,1262,978,0.0,1976,1976,6,181500
608,2,2001.0,6,2,1786,920,920,486,162.0,2002,2001,7,223500
642,3,1998.0,7,1,1717,961,756,216,0.0,1970,1915,7,140000
836,3,2000.0,9,2,2198,1145,1145,655,350.0,2000,2000,8,250000
480,2,1993.0,5,1,1362,796,796,732,0.0,1995,1993,5,143000
636,2,2004.0,7,2,1694,1694,1686,1369,186.0,2005,2004,8,307000
484,2,1973.0,7,2,2090,1107,1107,859,240.0,1973,1973,7,200000
468,2,1931.0,8,2,1774,1022,952,0,0.0,1950,1931,7,129900
205,1,1939.0,5,1,1077,1077,991,851,0.0,1950,1939,5,118000
384,1,1965.0,5,1,1040,1040,1040,906,0.0,1965,1965,5,129500
736,3,2005.0,11,3,2324,1182,1175,998,286.0,2006,2005,9,345000
352,1,1962.0,4,1,912,912,912,737,0.0,1962,1962,5,144000
840,3,2006.0,7,2,1494,1494,1494,0,306.0,2007,2006,7,279500
352,1,1960.0,5,1,1253,1253,1253,733,212.0,1960,1960,6,157000
576,2,1991.0,5,1,854,854,832,0,0.0,2001,1929,7,132000
480,2,1970.0,5,1,1004,1004,1004,578,180.0,1970,1970,6,149000
516,2,1967.0,6,2,1296,1296,0,0,0.0,1967,1967,4,90000
576,2,2004.0,6,1,1114,1114,1114,646,0.0,2004,2004,5,159000
294,1,1958.0,6,1,1339,1339,1029,504,0.0,1965,1958,5,139000
853,3,2005.0,9,3,2376,1158,1158,0,380.0,2006,2005,8,325300
280,1,1930.0,6,1,1108,1108,637,0,0.0,1950,1930,7,139400
534,2,2002.0,7,2,1795,1795,1777,0,281.0,2002,2002,8,230000
572,2,1976.0,6,1,1060,1060,1040,840,0.0,1976,1976,5,129900
270,1,1968.0,6,1,1060,1060,1060,188,0.0,2001,1968,5,154000
890,3,2007.0,7,2,1600,1600,1566,0,640.0,2007,2007,8,256300
576,2,2005.0,5,1,900,900,900,234,0.0,2000,1951,5,134800
772,3,2008.0,7,2,1704,1704,1704,1218,200.0,2008,2007,8,306000
319,1,1957.0,6,1,1600,1600,1484,1277,0.0,1997,1957,5,207500
240,1,1920.0,4,1,520,520,520,0,0.0,1950,1927,4,68500
250,1,1920.0,6,1,1317,649,649,0,0.0,1950,1920,4,40000
271,1,1966.0,6,1,1228,1228,1228,0,0.0,2006,1966,5,149350
484,2,2007.0,7,2,1234,1234,1234,0,0.0,2007,2007,8,179900
447,2,1959.0,6,1,1700,1700,1398,1018,0.0,1959,1959,5,165500
556,2,2005.0,6,2,1561,1561,1561,1153,246.0,2005,2005,9,277500
691,3,2004.0,9,3,2452,1132,1117,0,132.0,2005,2004,8,309000
672,2,1995.0,6,1,1097,1097,1097,0,0.0,1995,1994,5,145000
498,2,1954.0,5,1,1297,1297,1297,1213,650.0,1990,1954,5,153000
246,1,1953.0,5,1,1057,1057,1057,731,0.0,2007,1953,5,109000
0,0,1980.0,6,2,1152,1152,0,0,0.0,1955,1955,4,82000
440,2,1965.0,6,2,1324,1324,1088,643,101.0,1965,1965,6,160000
308,1,1959.0,5,1,1328,1328,1350,967,0.0,1959,1959,5,170000
504,2,1983.0,5,1,884,884,840,747,0.0,1983,1983,5,144000
308,1,1977.0,5,1,938,938,938,280,0.0,1980,1975,5,130250
300,1,1959.0,6,1,1150,1150,1150,179,0.0,1959,1959,5,141000
576,2,2005.0,6,2,1752,1752,1752,456,412.0,2005,2005,9,319900
670,2,2003.0,6,1,2149,1518,1434,1351,0.0,2003,2003,7,239686
826,3,2006.0,7,2,1656,1656,1656,24,0.0,2006,2006,8,249700
0,0,1980.0,8,2,1452,736,736,0,0.0,2008,1920,4,113000
386,1,1966.0,6,1,955,955,955,763,0.0,1966,1966,5,127000
388,2,1997.0,6,2,1470,794,794,182,0.0,1997,1997,6,177000
528,2,1985.0,6,1,1176,816,816,0,0.0,1950,1934,6,114500
516,2,1963.0,5,1,816,816,816,104,0.0,1963,1963,5,110000
894,3,1981.0,5,0,1842,1842,1842,1810,0.0,1987,1981,9,385000
572,2,1962.0,6,1,1360,1360,384,384,0.0,1955,1955,5,130000
576,2,1964.0,7,2,1425,1425,1425,490,272.0,1964,1964,6,180500
480,2,1999.0,7,2,1739,983,970,649,456.0,2000,1999,8,172500
565,2,2004.0,7,2,1720,860,860,0,0.0,2004,2004,7,196500
641,3,2006.0,10,3,2945,1426,1410,0,1031.0,2006,2006,10,438780
352,1,1973.0,4,1,780,780,780,632,0.0,1972,1972,5,124900
576,2,2006.0,5,1,1158,1158,1158,941,0.0,2004,2004,6,158000
288,1,1935.0,6,1,1111,581,530,0,0.0,1996,1920,5,101000
484,2,2006.0,6,2,1370,1370,1370,24,178.0,2006,2006,8,202500
480,2,1990.0,9,2,1710,902,576,0,0.0,1950,1921,7,140000
645,2,1998.0,8,2,2034,1057,1057,739,573.0,1998,1997,7,219500
852,3,2004.0,9,2,2473,1143,1143,0,344.0,2005,2004,8,317000
576,2,1970.0,7,2,2207,2207,1947,912,287.0,1989,1970,7,180000
558,2,2003.0,7,2,1479,1479,1453,1013,167.0,2003,2003,7,226000
220,1,1945.0,4,1,747,747,747,0,0.0,1950,1945,4,80000
667,2,1953.0,7,2,2287,1304,1304,603,0.0,1953,1953,7,225000
516,2,1973.0,8,2,2223,2223,2223,1880,1115.0,1973,1973,7,244000
360,2,1987.0,4,1,845,845,845,565,0.0,2006,1982,4,129500
427,2,1998.0,7,2,1718,885,832,0,40.0,1998,1998,7,185000
490,2,1989.0,6,1,1086,1086,1086,320,104.0,2003,1954,5,144900
379,1,1915.0,8,2,1605,840,840,0,0.0,1950,1915,3,107400
297,1,1973.0,5,1,988,526,462,462,0.0,1973,1973,4,91000
283,1,1956.0,4,1,952,952,952,228,0.0,1956,1956,4,135750
240,1,1948.0,6,1,1285,1072,672,336,0.0,2001,1948,5,127000
0,0,1980.0,8,2,1768,1768,1768,0,0.0,1968,1968,4,136500
440,2,1966.0,5,1,1230,682,440,0,0.0,1981,1910,5,110000
509,1,1968.0,8,2,2142,1182,896,448,576.0,1968,1968,6,193500
405,2,1998.0,5,2,1337,1337,1237,1201,443.0,1998,1998,6,153500
758,3,2007.0,6,2,1563,1563,1563,33,468.0,2007,2007,8,245000
461,2,1974.0,6,1,1065,1065,1065,0,66.0,1960,1960,5,126500
400,2,1995.0,7,2,1474,804,384,0,22.0,1996,1995,7,168500
462,2,1991.0,9,2,2417,1301,1288,0,284.0,1992,1991,8,260000
400,2,2005.0,6,2,1560,684,684,0,0.0,2005,2005,6,174000
528,2,2009.0,4,2,1224,612,612,0,76.0,2009,2009,6,164500
0,0,1980.0,6,1,1526,1013,1013,0,0.0,1982,1915,3,85000
0,0,1980.0,5,1,990,990,990,588,0.0,1995,1994,4,123600
420,2,1950.0,4,1,1040,1040,0,0,0.0,1950,1950,4,109900
480,2,1961.0,6,1,1235,1235,1235,600,203.0,1961,1961,5,98600
432,2,1921.0,5,1,964,964,876,713,0.0,2006,1921,5,163500
506,2,1900.0,9,2,2291,1260,1214,1046,0.0,1998,1910,6,133900
684,2,1997.0,7,2,1786,905,824,648,0.0,1997,1997,6,204750
420,2,1993.0,6,2,1470,680,680,310,68.0,1993,1993,6,185000
472,2,1999.0,6,2,1588,1588,1588,1162,183.0,1999,1999,7,214000
432,1,1965.0,6,1,960,960,960,520,48.0,1965,1965,4,94750
366,1,1920.0,5,1,835,835,458,108,0.0,1950,1920,5,83000
0,0,1980.0,6,1,1225,1225,950,569,0.0,1959,1959,4,128950
480,2,1977.0,6,2,1610,1610,1610,1200,28.0,2001,1977,6,205000
476,2,1985.0,7,2,1732,977,741,0,336.0,1985,1985,6,178000
410,2,1979.0,8,2,1535,1535,0,0,0.0,1979,1979,5,118964
740,3,2009.0,6,2,1226,1226,1226,0,0.0,2009,2009,7,198900
240,1,1951.0,7,1,1818,1226,1040,224,600.0,1950,1931,7,169500
648,2,2003.0,9,2,1992,1053,1053,0,768.0,2004,2003,8,250000
273,1,1954.0,6,1,1047,1047,641,0,0.0,1995,1885,4,100000
250,1,1948.0,5,1,789,789,789,104,0.0,1950,1948,5,115000
0,0,1980.0,7,2,1517,997,793,0,0.0,2005,1919,5,115000
546,2,1977.0,7,2,1844,1844,1844,705,480.0,1977,1977,6,190000
325,1,1954.0,7,2,1855,1216,994,444,0.0,1972,1954,6,136900
400,2,2000.0,7,2,1430,774,384,250,0.0,2000,2000,7,180000
792,3,2007.0,10,2,2696,1282,1264,984,220.0,2007,2007,7,383970
450,2,1953.0,7,2,2259,2259,1809,35,184.0,1953,1953,6,217000
180,1,1945.0,9,2,2320,1436,1028,774,0.0,2002,1945,6,259500
440,2,1999.0,5,2,1458,729,729,419,1129.0,1999,1999,6,176000
288,1,1962.0,6,1,1092,1092,1092,170,116.0,1962,1962,5,139000
430,2,2007.0,5,1,1125,1125,1125,0,0.0,2007,2006,5,155000
594,3,1990.0,11,3,3222,1699,1673,1470,0.0,1990,1990,7,320000
390,2,2005.0,8,2,1456,728,728,0,0.0,2006,2005,6,163990
540,2,1969.0,4,1,988,988,938,938,0.0,1969,1969,6,180000
264,1,1979.0,4,1,1123,772,732,0,0.0,1950,1939,4,100000
288,1,1958.0,5,1,1080,1080,1080,570,135.0,1958,1958,6,136000
530,2,1993.0,5,2,1199,1199,1199,300,0.0,1993,1993,6,153900
435,2,1979.0,7,2,1586,1586,1362,0,0.0,1998,1979,6,181000
0,0,1980.0,5,1,754,520,520,490,0.0,1982,1935,6,84500
440,2,1977.0,5,2,958,958,1078,120,0.0,1976,1976,6,128000
0,0,1980.0,5,1,840,840,672,116,0.0,1950,1930,5,87000
453,2,1966.0,6,1,1348,660,660,512,266.0,1966,1966,6,155000
750,2,1998.0,6,1,1053,1053,1008,567,85.0,1991,1958,5,150000
487,2,1966.0,8,2,2157,1216,924,445,309.0,1966,1966,7,226000
390,2,2000.0,7,2,2054,1022,992,695,40.0,2000,2000,6,244000
624,2,1974.0,7,1,1327,1327,1063,405,0.0,2002,1959,5,150750
471,2,2001.0,6,2,1296,1296,1267,1005,136.0,2002,2001,8,220000
440,2,1968.0,7,2,1721,1721,1461,570,0.0,1993,1968,5,180000
530,2,1970.0,7,2,1682,1682,1304,0,288.0,1970,1970,7,174000
318,1,1967.0,5,2,1214,1214,1214,695,196.0,1967,1967,5,143000
766,3,1989.0,9,3,1959,1959,1907,0,70.0,1989,1988,7,171000
660,3,1999.0,7,2,1852,1004,1004,668,320.0,2000,1999,8,230000
470,2,1997.0,7,2,1764,928,928,821,0.0,1997,1997,6,231500
0,0,1980.0,5,1,864,864,864,432,0.0,1971,1971,4,115000
660,2,2005.0,7,2,1734,1734,1734,1300,0.0,2005,2005,7,260000
720,2,2000.0,6,2,1385,910,910,507,0.0,1952,1952,5,166000
577,2,1999.0,6,2,1501,1501,1490,679,183.0,1999,1999,7,204000
504,2,1963.0,10,2,1728,1728,1728,1332,336.0,1963,1963,5,125000
380,2,2004.0,7,2,1709,970,970,0,50.0,2006,2004,6,130000
180,1,1931.0,5,1,875,875,715,209,0.0,1993,1931,5,105000
434,2,2001.0,8,2,2035,884,884,0,180.0,2001,2001,7,222500
0,0,1980.0,6,1,1080,1080,1080,680,120.0,2005,2004,7,141000
240,1,1936.0,7,1,1344,896,896,0,0.0,1950,1936,5,115000
440,2,1975.0,5,1,969,969,969,716,0.0,1975,1975,5,122000
866,3,2007.0,6,2,1710,1710,1710,1400,436.0,2008,2007,8,372402
495,2,1971.0,8,2,1993,1097,825,416,252.0,1971,1971,6,190000
564,2,1960.0,4,1,1252,1252,1602,429,0.0,1975,1960,6,235000
312,1,1923.0,7,1,1200,1200,1200,0,0.0,1950,1923,6,125000
0,0,1980.0,5,1,1096,572,572,0,0.0,1950,1924,6,79000
625,2,1950.0,5,1,1040,1040,0,0,0.0,1950,1950,5,109500
680,3,2009.0,8,2,1968,774,774,0,84.0,2010,2009,8,269500
678,2,2004.0,8,2,1947,991,991,222,0.0,2005,2004,7,254900
576,2,2006.0,9,2,2462,1392,1392,57,456.0,2006,2005,7,320000
516,2,1984.0,6,2,1232,1232,1232,660,0.0,1984,1984,6,162500
726,3,2003.0,10,2,2668,1572,1572,1016,664.0,2004,2003,9,412500
532,2,2005.0,7,2,1541,1541,1541,1201,226.0,2005,2005,7,220000
0,0,1980.0,4,1,882,882,882,0,0.0,1956,1956,4,103200
216,1,1926.0,5,2,1616,1149,1149,370,0.0,2004,1926,6,152000
0,0,1980.0,6,2,1355,808,644,351,0.0,1999,1940,5,127500
303,1,1955.0,7,1,1867,1867,1617,379,0.0,1993,1955,5,190000
789,3,2007.0,8,1,2161,1610,1582,1288,300.0,2007,2007,8,325624
440,2,2004.0,7,2,1720,840,840,0,0.0,2004,2004,7,183500
511,2,1981.0,6,2,1707,1707,1686,0,653.0,1981,1981,8,228000
660,2,1991.0,7,1,1382,854,720,360,0.0,1950,1941,5,128500
528,2,1960.0,7,1,1656,1656,1080,639,112.0,1960,1960,6,215000
504,2,1987.0,5,2,1767,1064,1064,495,0.0,1987,1987,7,239000
504,2,1961.0,6,1,1362,1362,1362,288,491.0,1961,1961,6,163000
616,2,1986.0,7,2,1651,1651,1606,1398,132.0,1986,1986,6,184000
576,2,1950.0,7,2,2158,2158,1202,477,0.0,2001,1950,6,243000
521,2,1988.0,8,2,2060,1164,1151,831,268.0,1989,1988,6,211000
451,2,1958.0,8,2,1920,1252,1052,57,0.0,1958,1958,5,172500
1166,3,2009.0,9,2,2234,2234,2216,1904,748.0,2009,2008,9,501837
480,2,1935.0,5,1,968,968,968,0,0.0,2006,1923,5,100000
440,2,2000.0,5,2,1525,769,756,436,456.0,2000,2000,6,177000
216,1,1920.0,9,1,1802,901,793,352,0.0,1950,1920,7,200100
252,1,1957.0,7,1,1340,1340,0,0,98.0,2006,1957,5,120000
484,2,2003.0,6,2,2082,1362,1362,0,0.0,2003,2003,7,200000
576,2,1986.0,5,1,1252,936,504,0,0.0,1991,1908,5,127000
840,3,1993.0,12,2,3608,1518,1107,0,0.0,1993,1892,10,475000
497,2,1990.0,6,2,1217,1217,1188,611,0.0,1991,1990,7,173000
180,1,1916.0,8,2,1656,808,660,0,0.0,1987,1916,5,135000
528,2,1979.0,6,0,1224,1224,1086,1086,275.0,1979,1979,5,153337
682,2,2001.0,5,1,1593,1593,1593,1153,0.0,2002,2001,8,286000
440,2,1932.0,10,2,2727,1549,853,297,0.0,1994,1932,8,315000
484,2,1972.0,7,1,1479,725,725,626,138.0,2004,1972,7,184000
666,2,1999.0,6,2,1431,1431,1431,560,0.0,1999,1999,7,192000
380,2,2004.0,7,2,1709,970,970,0,50.0,2004,2004,7,130000
352,1,1989.0,5,1,864,864,864,390,0.0,1972,1972,5,127000
440,2,1976.0,7,2,1456,855,855,566,0.0,1976,1976,6,148500
786,3,2007.0,8,2,1726,1726,1726,1126,205.0,2007,2007,7,311872
795,2,1918.0,8,2,3112,1360,1360,1036,0.0,1990,1918,8,235000
0,0,1980.0,8,1,2229,929,755,0,0.0,1950,1912,6,104000
856,3,2004.0,7,2,1713,1713,1713,1088,262.0,2005,2004,8,274900
440,2,2003.0,5,2,1121,1121,1121,0,0.0,2004,2003,4,140000
473,2,1980.0,6,2,1279,1279,1196,641,0.0,1977,1977,6,171500
398,1,1924.0,6,2,1310,865,617,617,0.0,1950,1924,6,112000
420,2,2004.0,3,1,848,848,848,662,205.0,2004,2004,6,149000
240,1,1948.0,5,1,1284,720,720,312,0.0,1950,1947,5,110000
500,2,1990.0,5,2,1442,1442,1424,0,0.0,1990,1990,7,180500
349,1,1962.0,8,1,1696,1696,1140,0,0.0,1962,1962,5,143900
312,1,1960.0,6,1,1100,1100,1100,419,0.0,1960,1960,4,141000
454,2,1988.0,7,2,2062,1180,1157,1065,128.0,1989,1988,7,277000
504,2,1964.0,6,1,1092,1092,1092,787,260.0,1964,1964,6,145000
0,0,1980.0,5,1,864,864,864,468,0.0,1950,1925,5,98000
460,2,2009.0,6,2,1212,1212,1212,36,0.0,2009,2009,6,186000
644,2,2009.0,7,2,1852,932,900,822,0.0,2009,2009,7,252678
576,2,1996.0,5,1,990,990,990,716,0.0,1995,1995,5,156000
299,1,1977.0,6,1,1392,689,689,378,153.0,1977,1977,6,161750
447,1,1957.0,6,1,1236,1236,1070,360,64.0,1996,1957,5,134450
484,2,2004.0,8,2,1436,1436,1436,946,266.0,2004,2004,7,210000
210,1,1940.0,8,1,1328,810,686,0,0.0,1950,1925,4,107000
431,2,1939.0,8,1,1954,1137,798,341,312.0,2006,1939,7,311500
438,2,2005.0,5,2,1248,1248,1248,16,16.0,2006,2005,7,167240
675,2,2006.0,5,2,1498,1498,1498,0,0.0,2006,2006,7,204900
390,2,2002.0,8,2,2267,1010,1010,0,0.0,2002,2002,6,200000
434,2,1975.0,6,2,1552,811,713,550,0.0,1975,1975,6,179900
576,2,1989.0,4,1,864,864,864,524,0.0,1971,1971,4,97000
968,3,2003.0,8,2,2392,2392,2392,56,922.0,2003,2003,10,386250
280,1,1991.0,6,2,1302,630,630,0,142.0,1971,1971,5,112000
721,3,1995.0,9,2,2520,1214,1203,565,290.0,1995,1995,7,290000
280,1,1987.0,5,1,987,483,483,321,127.0,1970,1970,6,106000
336,1,1974.0,5,1,912,912,912,842,0.0,1967,1967,5,125000
430,2,2005.0,7,2,1555,1555,1373,16,16.0,2006,2005,7,192500
312,1,1959.0,6,1,1194,1194,1194,0,220.0,1959,1959,6,148000
810,3,1995.0,9,2,2794,1490,1462,689,506.0,1996,1995,8,403000
288,1,1972.0,5,1,987,483,483,0,297.0,1972,1972,6,94500
308,1,1976.0,5,1,894,894,894,182,0.0,1976,1976,5,128200
440,2,2002.0,8,2,1960,860,860,625,0.0,2002,2002,6,216500
264,1,1971.0,5,1,987,483,483,358,604.0,1971,1971,6,89500
494,2,2004.0,6,2,1414,1414,1414,24,98.0,2004,2004,7,185500
457,2,1993.0,7,2,1744,1014,996,402,0.0,2003,1993,7,194500
818,3,2007.0,7,2,1694,1694,1694,0,254.0,2007,2007,8,318000
220,1,1949.0,7,1,1487,798,735,94,0.0,1950,1945,6,113000
750,2,2008.0,7,2,1566,1566,1566,1078,36.0,2008,2008,8,262500
0,0,1980.0,4,1,866,866,686,329,0.0,1997,1945,5,110500
352,1,1940.0,6,1,1440,889,540,0,0.0,1950,1900,5,79000
288,1,1980.0,6,1,1217,626,626,0,0.0,1980,1980,6,120000
463,2,1994.0,8,2,2110,1222,948,695,0.0,2002,1994,7,205000
604,2,1988.0,6,2,1872,1872,1845,929,102.0,1988,1988,7,241500
440,1,1910.0,9,2,1928,908,1020,0,0.0,1950,1910,6,137000
451,2,1954.0,5,1,1375,1375,1367,0,0.0,1954,1954,6,140000
500,2,2003.0,8,2,1668,840,840,0,101.0,2003,2003,7,180000
389,2,1958.0,7,2,2144,1444,1444,697,472.0,2006,1958,6,277000
0,0,1980.0,6,1,1306,1306,728,0,0.0,1966,1940,3,76500
538,2,2006.0,5,2,1625,1625,1573,1573,481.0,2007,2006,8,235000
520,2,2004.0,6,2,1640,798,798,0,0.0,2004,2004,6,173000
309,1,1964.0,7,2,1302,1302,1302,270,108.0,1991,1964,6,158000
294,1,1957.0,5,1,1314,1314,1314,922,0.0,1957,1957,5,145000
429,2,1999.0,8,2,2291,1005,975,0,302.0,1999,1999,7,230000
673,2,2003.0,7,2,1728,864,864,503,0.0,2003,2003,6,207500
660,2,2006.0,8,2,1604,1604,1604,1334,180.0,2006,2006,7,220000
564,2,2001.0,7,2,1792,963,963,361,172.0,2001,2001,7,231500
308,1,1956.0,4,1,882,882,0,0,0.0,1956,1956,5,97000
884,2,1991.0,6,1,1382,1382,1362,672,399.0,1962,1962,6,176000
868,3,2007.0,10,2,2574,1482,1482,0,270.0,2007,2007,8,276000
492,2,1978.0,6,1,1212,1212,506,506,46.0,1995,1977,6,151000
484,2,1974.0,6,1,1316,926,926,234,0.0,2001,1929,5,130000
504,2,1965.0,4,1,764,764,680,0,0.0,2004,1925,5,73000
576,2,1981.0,7,2,1422,1422,1422,588,210.0,1981,1981,6,175500
413,2,1997.0,8,2,1511,802,802,714,0.0,1997,1997,6,185000
240,1,1939.0,8,2,2192,1052,720,378,0.0,1997,1939,5,179500
924,1,1966.0,4,1,778,778,740,403,0.0,1955,1940,5,120500
504,1,1987.0,6,1,1113,1113,1143,751,174.0,1976,1976,6,148000
1053,3,2006.0,8,2,1939,1095,1095,0,0.0,2006,2006,8,266000
439,2,1954.0,5,1,1363,1363,1385,226,0.0,2005,1954,7,241500
671,3,1999.0,9,2,2270,1164,1152,524,348.0,2007,1999,8,290000
338,1,1958.0,6,2,1632,1632,1240,620,183.0,1988,1958,6,139000
264,1,1982.0,5,1,816,816,816,546,0.0,1982,1982,5,124500
672,2,1978.0,5,2,1548,952,952,0,0.0,2007,1925,7,205000
573,2,2003.0,7,2,1560,1560,1560,0,0.0,2003,2003,7,201000
400,2,1951.0,4,1,864,864,864,120,0.0,1951,1951,4,141000
732,3,2007.0,8,2,2121,2121,2121,0,315.0,2007,2006,9,415298
505,2,1977.0,8,2,2022,1156,1160,392,299.0,1977,1977,7,192000
575,2,1989.0,7,2,1982,1175,807,421,340.0,1989,1989,7,228500
572,2,2006.0,5,2,1262,1262,1262,905,68.0,2006,2006,6,185000
626,2,2008.0,6,2,1314,1314,1314,904,166.0,2008,2007,7,207500
898,3,2008.0,6,2,1468,1468,1468,0,72.0,2009,2008,8,244600
529,2,1992.0,5,2,1575,1575,1575,430,0.0,1992,1992,6,179200
528,2,2006.0,5,2,1250,625,625,0,0.0,2007,2006,7,164700
440,2,1962.0,7,1,1734,1085,912,600,0.0,1981,1962,6,159000
0,0,1980.0,5,1,858,858,858,614,0.0,1971,1971,4,88000
280,1,1970.0,5,1,900,900,882,450,31.0,1967,1967,5,122000
384,1,2003.0,7,1,1396,698,698,0,0.0,2003,1915,6,153575
685,2,2006.0,8,2,1919,1079,1079,0,0.0,2006,2006,8,233230
0,0,1980.0,9,2,1716,936,780,210,0.0,2000,1912,5,135900
281,1,1949.0,8,1,1716,1148,768,292,0.0,2008,1949,5,131000
539,2,1977.0,9,2,2263,1468,795,795,34.0,1994,1977,7,235000
418,2,1953.0,7,1,1644,1644,1416,1285,238.0,1953,1953,6,167000
588,2,1984.0,6,1,1003,1003,1003,819,0.0,1984,1984,6,142500
282,1,1950.0,6,1,1558,910,910,420,0.0,1950,1950,5,152000
576,2,1997.0,7,2,1950,975,975,649,1600.0,1998,1997,7,239000
539,2,1968.0,7,1,1743,1041,702,384,365.0,1968,1968,6,175000
300,1,1950.0,6,1,1152,1152,1092,0,0.0,2004,1950,6,158500
375,1,1953.0,5,1,1336,1336,1165,841,56.0,1953,1953,5,157000
683,2,1998.0,9,2,2452,1210,1028,281,0.0,1999,1998,8,267000
843,3,2001.0,6,2,1541,1541,1541,0,150.0,2002,2001,7,205000
552,2,1975.0,5,1,894,894,894,894,0.0,1972,1972,5,149900
870,3,2003.0,10,3,3493,1675,1470,0,0.0,2002,1880,7,295000
888,3,2004.0,8,2,2000,2000,2000,1464,246.0,2005,2004,8,305900
746,3,1990.0,8,2,2243,1122,700,700,246.0,1991,1990,7,225000
0,0,1980.0,6,1,1406,1035,319,0,0.0,1950,1920,6,89500
539,2,1961.0,4,1,861,861,861,262,0.0,1950,1940,4,82500
708,3,2003.0,8,2,1944,1944,1896,1274,0.0,2004,2003,9,360000
420,2,1993.0,6,2,1501,697,697,518,112.0,1994,1993,6,165600
240,1,1948.0,5,1,972,972,972,680,0.0,2002,1948,6,132000
410,2,1939.0,5,1,1118,793,793,507,0.0,1950,1939,5,119900
513,2,1965.0,8,2,2036,2036,2136,1236,0.0,1965,1965,7,375000
546,2,1925.0,6,1,1641,832,728,16,0.0,1990,1925,7,178000
432,2,2004.0,6,2,1432,716,716,425,0.0,2005,2004,7,188500
484,2,1983.0,10,2,2353,1153,845,692,278.0,1980,1980,7,260000
1025,3,2006.0,8,2,1959,1088,1088,0,0.0,2006,2006,8,270000
656,3,1993.0,9,2,2646,1372,1347,987,256.0,1993,1993,7,260000
588,2,1980.0,6,2,1472,1472,1372,1036,225.0,1980,1980,7,187500
840,3,2006.0,9,3,2596,1249,1249,0,370.0,2006,2006,9,342643
872,3,2004.0,10,2,2468,1136,1136,970,388.0,2004,2004,8,354000
576,2,1987.0,8,2,2730,1553,1502,28,172.0,1987,1986,7,301000
220,1,1955.0,6,1,1163,1163,1162,256,0.0,2005,1955,3,126175
564,2,1961.0,11,2,2978,1898,710,0,300.0,2007,1967,7,242000
360,2,1941.0,5,1,803,803,720,116,0.0,1950,1941,5,87000
473,2,1993.0,6,1,1719,1719,1719,1619,0.0,1993,1993,8,324000
292,1,1960.0,7,1,1383,1383,1383,565,175.0,1960,1960,6,145250
441,2,1930.0,10,2,2134,1445,844,0,0.0,1994,1916,6,214500
189,1,1920.0,6,1,1192,596,596,0,0.0,1950,1920,5,78000
352,1,2002.0,10,2,1728,1728,1728,40,84.0,1964,1964,5,119000
308,1,1958.0,6,1,1056,1056,1056,846,0.0,1992,1958,5,139000
880,3,2003.0,7,2,1629,1629,3206,1124,296.0,2004,2003,8,284000
484,2,2004.0,6,2,1358,1358,1358,720,146.0,2004,2004,7,207000
472,2,1998.0,7,2,1638,943,943,828,0.0,1998,1998,6,192000
529,2,1965.0,7,2,1786,1619,1499,1249,0.0,1965,1965,5,228950
676,3,2005.0,8,2,1922,1922,1922,1249,200.0,2006,2005,9,377426
532,2,2002.0,7,2,1536,1536,1536,810,113.0,2003,2002,7,214000
440,2,1984.0,8,2,1621,1621,1208,213,0.0,1998,1984,7,202500
297,1,1958.0,6,1,1215,1215,1215,585,176.0,1998,1958,6,155000
431,2,2002.0,9,2,1908,993,967,0,0.0,2002,2002,8,202900
294,1,1950.0,4,1,841,841,721,0,0.0,1950,1950,4,82000
400,2,1949.0,6,2,1040,1040,0,0,340.0,1950,1949,3,87500
564,2,2005.0,6,2,1684,1684,1684,28,616.0,2005,2005,9,266000
336,1,1976.0,4,1,1112,536,536,129,0.0,1976,1976,5,85000
312,1,1939.0,6,1,1577,972,972,0,0.0,1950,1939,6,140200
301,1,1960.0,5,1,958,958,958,498,0.0,1998,1960,6,151500
498,2,1960.0,6,2,1478,1478,1478,1270,30.0,1960,1960,6,157500
474,2,2003.0,6,2,1626,764,764,573,106.0,2004,2003,7,154000
706,3,2006.0,10,2,2728,1848,1848,1410,870.0,2006,2005,9,437154
617,2,2007.0,6,2,1869,1869,1869,0,362.0,2007,2007,9,318061
445,2,1986.0,6,1,1453,1453,1453,1082,0.0,1986,1986,7,190000
200,1,1941.0,5,1,1111,616,616,236,0.0,1950,1941,5,95000
484,2,2005.0,5,1,720,720,624,0,0.0,2003,1928,6,105900
240,1,1940.0,6,1,1595,1192,940,388,0.0,2000,1940,6,140000
521,2,1995.0,6,2,1200,1200,1200,334,0.0,1995,1995,6,177500
400,2,1992.0,6,2,1167,1167,1158,560,106.0,1992,1992,6,173000
528,2,1976.0,6,1,1142,1142,1142,874,0.0,1976,1976,5,134000
288,1,1958.0,6,1,1352,1352,1062,300,120.0,1958,1958,5,130000
592,2,1998.0,7,2,1924,1086,1086,956,530.0,1998,1998,8,280000
470,2,1978.0,5,1,912,912,888,773,0.0,1978,1978,6,156000
240,1,1940.0,8,1,1505,988,883,399,0.0,1982,1940,5,145000
672,2,2003.0,7,3,1922,495,0,0,500.0,2003,2003,7,198500
264,1,1972.0,5,1,987,483,483,162,510.0,2007,1972,6,118000
566,2,1976.0,6,2,1574,790,796,712,120.0,1976,1976,6,190000
468,1,1964.0,6,1,1344,672,672,456,0.0,1997,1920,5,147000
514,2,1963.0,6,1,1394,1394,1394,609,247.0,1963,1963,6,159000
296,1,1962.0,6,1,1431,1431,1099,371,305.0,1962,1962,6,165000
244,1,1954.0,7,1,1268,1268,1268,540,200.0,1954,1954,5,132000
576,2,1997.0,7,1,1287,1287,1063,72,0.0,2006,1959,5,162000
460,2,2000.0,7,2,1664,953,953,0,0.0,2000,2000,6,172400
680,2,1991.0,7,2,1588,1120,0,0,0.0,1959,1959,4,134432
264,1,1984.0,4,1,752,752,744,623,0.0,1984,1984,6,125000
270,1,1953.0,5,1,1319,1319,608,428,0.0,1953,1953,5,123000
434,2,2003.0,8,2,1928,847,847,0,0.0,2004,2003,7,219500
0,0,1980.0,4,0,904,904,683,350,0.0,1950,1922,1,61000
576,2,1998.0,5,1,914,914,870,298,0.0,1996,1996,5,148000
610,2,2004.0,8,3,2466,1580,1580,0,0.0,2005,2004,8,340000
834,3,2010.0,8,1,1856,1856,1856,1445,350.0,2010,2010,9,394432
463,2,2000.0,7,2,1800,1007,982,0,16.0,2000,2000,6,179000
308,1,1924.0,6,2,1691,1026,1026,218,0.0,1950,1924,5,127000
572,2,2006.0,5,2,1301,1301,1293,0,0.0,2006,2006,7,187750
639,2,2006.0,8,2,1797,939,939,0,0.0,2006,2006,7,213500
360,2,1950.0,5,1,784,784,784,0,0.0,1950,1928,6,76000
501,2,1992.0,9,2,1953,1079,1580,985,0.0,1992,1992,6,240000
430,2,2004.0,6,2,1269,1269,1256,24,16.0,2005,2004,8,192000
0,0,1980.0,8,1,1184,658,658,0,0.0,1996,1910,5,81000
352,1,1977.0,6,1,1125,1125,1041,631,255.0,1976,1976,6,125000
577,2,1999.0,6,2,1479,1479,1468,0,125.0,2000,1999,7,191000
846,3,2008.0,9,2,2332,1742,1682,1280,272.0,2008,2007,10,426000
384,1,1978.0,7,1,1367,961,861,241,0.0,1950,1900,5,119000
560,2,2001.0,7,2,1961,804,804,690,0.0,2002,2001,6,215000
294,1,1959.0,5,1,882,882,0,0,0.0,1959,1959,5,106500
0,0,1980.0,4,1,788,788,788,266,0.0,1950,1941,4,100000
240,1,1940.0,5,1,1034,735,735,0,0.0,1950,1940,5,109000
596,1,1956.0,6,1,1144,1144,1144,739,0.0,1956,1956,5,129000
600,2,1985.0,6,1,894,894,894,777,0.0,1972,1972,5,123000
264,1,1962.0,8,2,1812,876,864,540,288.0,1962,1962,5,169500
338,1,1920.0,6,1,1077,1077,961,0,0.0,1950,1920,5,67000
438,2,2007.0,7,2,1550,1112,1092,812,100.0,2007,2006,7,241000
500,2,1996.0,4,1,1288,1288,1260,786,0.0,1996,1996,8,245500
400,2,2005.0,6,2,1310,1310,1310,24,0.0,2005,2005,7,164990
240,1,1940.0,4,1,672,672,672,0,0.0,1997,1940,5,108000
420,2,1998.0,10,2,2263,1165,1141,0,650.0,1998,1998,8,258000
373,2,1995.0,7,2,1572,806,806,0,0.0,1996,1995,6,168000
490,2,1993.0,8,2,1620,1620,1281,1116,0.0,1993,1976,4,150000
240,1,1936.0,6,1,1639,1166,1064,0,0.0,1950,1936,6,115000
308,1,1960.0,8,2,1680,840,840,0,0.0,1976,1915,6,177000
947,3,2006.0,9,2,2172,1071,1063,0,350.0,2006,2006,7,280000
836,3,2008.0,8,2,2078,1050,1034,789,100.0,2008,2007,8,339750
350,1,1958.0,5,1,1276,1276,1276,0,0.0,1958,1958,5,60000
572,2,1955.0,5,1,1056,1056,1056,1056,0.0,1955,1955,5,145000
484,2,2009.0,7,2,1478,1478,1470,578,432.0,2009,2009,7,222000
360,2,1927.0,5,1,1028,1028,1008,0,0.0,1950,1927,5,115000
678,3,1993.0,9,2,2097,1080,1080,50,0.0,1993,1993,7,228000
396,2,2007.0,6,2,1340,1340,1340,24,0.0,2007,2007,7,181134
440,2,1978.0,6,1,1400,672,672,209,203.0,1978,1978,6,149500
864,3,1918.0,10,2,2624,1370,1370,1128,0.0,1950,1918,6,239000
240,1,1940.0,7,1,1134,756,756,312,0.0,1950,1940,5,126000
304,1,1968.0,6,1,1056,1056,1056,775,0.0,1968,1968,5,142000
784,4,1997.0,8,2,1344,1344,1344,1309,200.0,1998,1997,7,206300
529,2,1977.0,8,2,1602,1602,1602,1246,126.0,2000,1977,6,215000
520,2,1954.0,4,1,988,988,988,0,0.0,1954,1954,5,113000
696,3,1998.0,8,2,2630,1470,1470,986,473.0,1998,1998,8,315000
297,1,1956.0,6,1,1196,1196,1196,616,74.0,1956,1956,6,139000
240,1,1947.0,6,1,1389,707,651,0,0.0,1992,1946,7,135000
569,2,1989.0,5,2,1644,1644,1518,1518,145.0,1989,1989,7,275000
352,1,1964.0,5,1,907,907,907,288,0.0,1957,1957,4,109008
628,2,2007.0,6,2,1208,1208,1208,664,108.0,2007,2007,7,195400
576,2,1988.0,6,2,1412,1412,1392,1005,0.0,1988,1988,6,175000
264,1,1971.0,4,1,987,483,483,387,232.0,1971,1971,6,85400
0,0,1980.0,7,1,1198,1088,901,0,0.0,1998,1920,6,79900
440,2,1971.0,6,1,1365,765,765,471,376.0,1971,1971,5,122500
470,2,1997.0,7,2,1604,926,926,0,0.0,1998,1997,6,181000
0,0,1980.0,3,1,630,630,630,495,0.0,1972,1972,4,81000
550,2,1996.0,6,2,1661,827,799,385,0.0,1996,1996,7,212000
440,2,1990.0,6,1,1118,734,648,0,0.0,1950,1920,6,116000
180,1,1926.0,4,1,904,904,884,0,0.0,2004,1926,6,119000
352,1,1990.0,4,1,694,694,440,365,0.0,2002,1913,5,90350
528,2,2005.0,7,1,1196,684,684,0,0.0,2000,1920,6,110000
672,3,2008.0,10,2,2402,2402,3094,1767,200.0,2008,2008,10,555000
0,0,1980.0,8,2,1440,1440,1440,133,270.0,1955,1955,4,118000
360,2,1930.0,8,2,1573,1128,1078,0,0.0,1992,1930,5,162900
648,3,2007.0,6,2,1258,1258,1258,0,72.0,2007,2006,7,172500
493,2,1994.0,8,2,1908,933,915,642,0.0,1995,1994,7,210000
480,2,1956.0,7,1,1689,1689,1436,0,0.0,1956,1956,6,127500
578,2,1966.0,6,2,1888,1888,1517,247,0.0,2002,1966,6,190000
431,2,1998.0,10,2,1886,956,930,0,0.0,1999,1998,7,199900
198,1,1937.0,7,2,1376,780,780,0,0.0,1950,1937,6,119500
308,1,1981.0,6,1,1183,679,649,331,0.0,2002,1948,3,120000
270,1,1932.0,5,1,813,813,813,0,0.0,2005,1930,6,110000
576,2,1975.0,5,2,1533,1533,1533,655,0.0,1975,1975,7,280000
422,2,1996.0,7,2,1756,888,872,742,42.0,1997,1996,6,204000
676,2,2008.0,6,2,1590,786,768,0,0.0,2008,2008,8,210000
560,2,1976.0,8,2,1728,1728,1728,1606,0.0,1976,1976,5,188000
528,2,1973.0,6,1,1242,1242,1242,916,320.0,1973,1973,7,175500
513,3,1916.0,7,1,1344,624,624,0,0.0,1950,1916,5,98000
529,2,1954.0,6,1,1663,1663,1364,1116,0.0,1994,1954,4,256000
228,1,1925.0,7,1,1666,833,588,0,0.0,1996,1925,8,161000
352,1,1950.0,5,1,1203,979,709,185,161.0,1950,1950,5,110000
552,2,2009.0,8,2,1935,832,832,544,110.0,2009,2009,8,263435
576,2,1971.0,6,1,1135,575,560,350,0.0,2007,1936,7,155000
360,1,1965.0,5,1,864,864,864,553,0.0,1965,1965,5,62383
240,1,1939.0,6,1,1660,849,715,326,0.0,1995,1934,6,188700
0,0,1980.0,5,2,1040,1040,1040,616,136.0,1978,1978,5,124000
398,2,2004.0,6,2,1414,1414,1375,0,18.0,2004,2004,7,178740
526,2,1970.0,5,1,1277,1277,1277,778,0.0,1970,1970,7,167000
312,1,1942.0,7,1,1644,888,728,386,224.0,1995,1942,5,146500
866,3,2006.0,7,2,1634,1634,1626,0,248.0,2006,2006,8,250000
506,2,1993.0,7,2,1710,832,832,426,120.0,1993,1993,6,187000
528,2,1985.0,4,1,1502,1502,1488,368,0.0,1985,1985,8,212000
534,2,1977.0,8,2,1969,1161,808,0,0.0,1977,1977,7,190000
525,2,2005.0,5,1,1072,1072,547,459,80.0,2005,2005,6,148000
908,3,2006.0,7,2,1976,1976,1976,1350,304.0,2007,2006,8,440000
499,2,2000.0,6,2,1652,1652,1494,1196,0.0,2000,2000,8,251000
624,2,1996.0,5,1,970,970,970,630,0.0,1963,1963,5,132500
508,2,1997.0,7,2,1493,1493,1478,994,215.0,1998,1997,6,208900
694,3,2006.0,9,2,2643,2069,2153,0,772.0,2006,2006,9,380000
826,3,2007.0,7,2,1718,1718,1705,1288,336.0,2008,2007,8,297000
672,2,1995.0,7,1,1131,1131,907,168,435.0,2000,1937,4,89471
772,3,2004.0,8,2,1850,1850,1833,1261,378.0,2005,2004,9,326000
874,3,2003.0,6,2,1792,1792,1792,1567,562.0,2004,2003,9,374000
164,1,1915.0,7,1,1826,916,910,299,0.0,2005,1915,7,155000
402,2,1998.0,5,2,1216,1216,1216,897,116.0,1998,1998,6,164000
264,1,1963.0,6,1,999,999,999,588,0.0,2001,1962,5,132500
264,1,1950.0,5,1,1113,1113,1113,607,0.0,2007,1950,5,147000
515,2,1965.0,6,1,1073,1073,1073,836,168.0,1965,1965,5,156000
487,2,1971.0,7,2,1484,1484,1484,998,0.0,1971,1971,5,175000
520,2,1970.0,10,2,2414,1766,954,664,0.0,1970,1900,5,160000
286,1,1970.0,3,1,630,630,630,515,0.0,2002,1970,4,86000
336,1,1976.0,4,1,1304,616,264,0,0.0,1976,1976,5,115000
240,1,1941.0,5,1,1578,958,806,403,0.0,1950,1941,6,133000
429,2,2006.0,8,2,1456,728,728,0,0.0,2006,2006,6,172785
308,1,1964.0,6,1,1269,1269,1269,374,0.0,1960,1960,5,155000
273,1,1938.0,4,1,886,886,190,0,0.0,1996,1938,5,91300
0,0,1980.0,4,1,720,720,720,495,0.0,1950,1920,4,34900
546,2,1992.0,10,3,3228,3228,3200,1231,0.0,1993,1992,8,430000
240,1,1925.0,8,2,1820,1133,1026,329,0.0,1950,1925,7,184000
288,1,1967.0,5,1,899,899,864,450,89.0,2004,1967,5,130000
297,1,1958.0,5,1,912,912,912,111,0.0,1985,1958,5,120000
264,1,1973.0,7,1,1218,672,672,356,285.0,1973,1973,6,113000
603,2,2005.0,7,2,1768,866,866,400,0.0,2005,2005,7,226700
461,2,1965.0,6,1,1214,1214,1214,698,0.0,1965,1965,5,140000
484,2,1959.0,6,2,1801,1801,1501,1247,0.0,1997,1959,7,289000
440,2,1974.0,6,2,1322,855,855,257,0.0,1974,1974,6,147000
400,2,1952.0,10,2,1960,960,960,0,360.0,1952,1952,5,124500
471,2,1993.0,8,2,1911,1065,777,380,125.0,1994,1993,8,215000
676,2,2009.0,4,2,1218,1218,1218,27,0.0,2009,2009,6,208300
360,2,1928.0,7,2,1378,689,689,141,0.0,2005,1928,7,161000
270,1,1959.0,6,1,1041,1041,1041,991,132.0,1959,1959,5,124500
288,1,1951.0,6,1,1363,1363,1008,650,70.0,2000,1951,5,164900
474,2,2005.0,6,2,1368,1368,1368,0,94.0,2006,2005,7,202665
624,2,1964.0,5,1,864,864,864,521,0.0,1958,1958,5,129900
484,2,1983.0,5,1,1080,1080,1084,336,0.0,1983,1983,6,134000
200,1,1926.0,5,1,789,789,768,0,0.0,1950,1926,5,96500
900,3,2009.0,9,2,2020,2020,2006,1436,305.0,2009,2009,10,402861
583,2,1972.0,7,2,2119,1378,689,0,333.0,1972,1972,6,158000
889,3,1996.0,7,2,2344,1277,1264,0,921.0,1997,1996,7,265000
546,2,1998.0,7,2,1796,882,794,706,0.0,1998,1998,6,211000
282,1,1926.0,9,1,2080,1276,1276,0,0.0,2004,1926,7,234000
0,0,1980.0,7,2,1294,694,0,0,0.0,2000,1900,4,106250
336,1,1957.0,6,1,1244,1244,1244,777,0.0,1957,1957,6,150000
420,2,1950.0,7,2,1664,1004,1004,399,0.0,1950,1947,6,159000
884,3,2007.0,11,3,4676,3138,3138,2260,762.0,2008,2007,10,184750
834,3,1996.0,8,2,2398,1383,1379,719,594.0,1997,1996,7,315750
453,2,2005.0,6,2,1266,1266,1257,0,0.0,2005,2005,7,176000
252,1,1956.0,4,1,928,928,928,377,0.0,2000,1956,5,132000
858,3,2008.0,11,2,2713,1476,1452,1330,268.0,2008,2008,9,446261
0,0,1980.0,5,1,605,605,528,348,0.0,2002,1920,4,86000
484,2,1975.0,9,3,2515,2515,2035,1219,0.0,1975,1957,6,200624
600,2,1988.0,5,2,1509,1509,1461,783,219.0,1989,1988,6,175000
502,2,1920.0,6,2,1362,751,611,0,0.0,1999,1920,6,128000
392,1,1967.0,5,1,827,827,0,0,0.0,2007,1955,5,107500
0,0,1980.0,2,1,334,334,0,0,0.0,1950,1946,1,39300
403,2,2004.0,6,2,1414,707,707,0,0.0,2004,2004,8,178000
0,0,1980.0,5,1,1347,820,1117,969,0.0,1991,1910,5,107500
527,2,1998.0,8,2,1724,880,880,0,0.0,1999,1998,7,188000
576,2,1980.0,5,1,864,864,864,600,0.0,1972,1972,4,111250
336,1,1968.0,7,1,1159,1159,1051,673,188.0,1968,1968,5,158000
670,2,2001.0,6,2,1601,1601,1581,1358,479.0,2002,2001,8,272000
765,3,2006.0,8,2,1838,1838,1838,1260,584.0,2006,2006,9,315000
648,3,2000.0,8,2,2285,997,969,0,72.0,2000,2000,8,248000
583,2,1998.0,7,2,1680,1680,1650,144,0.0,1999,1998,7,213250
367,1,1998.0,4,1,767,767,723,584,182.0,1998,1998,7,133000
426,2,2006.0,7,2,1496,664,654,554,0.0,2006,2006,7,179665
786,3,1988.0,9,2,2183,1377,1204,1002,178.0,1988,1988,7,229000
440,2,1950.0,6,1,1635,915,1065,300,0.0,1950,1923,6,210000
624,2,1987.0,5,1,768,768,768,619,0.0,1970,1970,5,129500
720,2,1963.0,4,1,825,825,825,180,0.0,1995,1955,5,125000
615,2,2003.0,8,2,2094,912,912,0,0.0,2004,2003,7,263000
440,2,1977.0,4,2,1069,1069,1069,559,0.0,1977,1977,6,140000
288,1,1957.0,5,1,928,928,928,308,0.0,1957,1957,5,112500
908,3,2006.0,7,2,1717,1717,1709,0,250.0,2006,2006,8,255500
520,2,2002.0,5,2,1126,1126,0,0,0.0,2003,1949,4,108000
871,3,2003.0,8,2,2046,1006,998,866,292.0,2004,2003,7,284000
280,1,1922.0,5,1,1048,1048,993,0,0.0,1950,1922,5,113000
299,1,1957.0,6,1,1092,1092,1092,895,0.0,1957,1957,5,141000
570,1,1994.0,7,1,1336,897,637,637,0.0,1950,1920,4,108000
406,2,1996.0,6,2,1446,729,729,604,0.0,1997,1996,7,175000
420,2,2003.0,7,2,1557,1557,1374,0,18.0,2004,2003,7,234000
528,2,1957.0,5,1,1392,1392,1392,1302,180.0,1996,1957,5,121500
418,2,1975.0,6,1,1389,1389,1389,1071,0.0,1975,1974,5,170000
0,0,1980.0,6,1,996,996,996,290,0.0,1969,1940,5,108000
396,2,1955.0,8,2,1674,1163,1163,0,0.0,1950,1918,6,185000
590,2,1992.0,9,2,2295,1166,1095,728,0.0,2000,1992,7,268000
216,1,1920.0,6,1,1647,841,806,0,0.0,1950,1915,6,128000
656,3,2005.0,11,2,2504,1134,1122,0,245.0,2007,2005,9,325000
532,2,2004.0,7,2,1535,1535,1517,2,168.0,2004,2004,7,214000
612,2,1983.0,5,1,2132,1496,1496,1441,0.0,2009,1983,8,316600
600,2,1979.0,4,1,943,943,943,943,0.0,1979,1979,5,135960
576,2,1987.0,10,2,1728,1728,1728,231,108.0,1965,1965,5,142600
288,1,1959.0,4,1,864,864,864,414,207.0,1959,1959,6,120000
650,2,2009.0,6,2,1692,846,846,0,0.0,2009,2009,7,224500
400,2,2000.0,8,2,1430,774,384,0,0.0,2000,2000,7,170000
288,1,1971.0,5,1,1109,576,372,349,82.0,2005,1971,5,139000
336,1,1947.0,6,1,1216,832,832,442,0.0,1950,1947,5,118500
216,1,1928.0,6,2,1477,877,861,0,0.0,1950,1928,7,145000
564,2,1966.0,6,1,1320,1320,1164,328,97.0,1966,1966,5,164500
540,2,2007.0,5,2,1392,703,689,0,0.0,2007,2007,7,146000
352,1,1954.0,7,2,1795,1050,1050,0,335.0,1954,1954,5,131500
572,2,1960.0,7,1,1429,1429,1144,594,85.0,1987,1960,6,181900
1390,3,2009.0,8,2,2042,2042,2042,0,306.0,2009,2008,8,253293
0,0,1980.0,5,1,816,816,816,816,104.0,1990,1990,6,118500
880,2,1988.0,9,3,2775,1521,1237,0,0.0,2000,1893,10,325000
240,1,1935.0,6,1,1573,989,884,0,0.0,1995,1935,4,133000
880,3,2005.0,7,2,2028,2028,1868,1460,208.0,2006,2005,8,369900
275,1,1961.0,5,1,838,838,816,210,0.0,2000,1918,6,130000
528,2,1996.0,4,1,860,860,840,672,0.0,1982,1982,5,137000
452,1,1968.0,5,1,1473,1473,1437,1324,0.0,2003,1968,5,143000
308,1,1988.0,4,1,935,779,742,0,0.0,1960,1930,5,79500
520,2,2004.0,6,2,1582,770,770,490,0.0,2004,2004,7,185900
842,3,2008.0,10,2,2296,1728,1722,1338,420.0,2008,2008,10,451950
816,2,1985.0,4,1,816,816,816,816,0.0,2003,1982,5,138000
420,2,2003.0,4,1,848,848,848,685,170.0,2003,2003,6,140000
280,1,1981.0,5,1,924,924,924,0,0.0,1975,1975,5,110000
758,3,2005.0,7,2,1826,1826,1814,1422,238.0,2006,2005,8,319000
216,1,1930.0,7,1,1368,684,684,0,0.0,1993,1910,6,114504
648,3,2006.0,7,0,1402,1402,1258,0,72.0,2007,2006,7,194201
621,2,1977.0,7,2,1647,1647,1430,1283,459.0,1977,1977,5,217500
452,2,1980.0,6,2,1556,716,716,81,0.0,1980,1980,6,151000
736,2,2003.0,8,2,1904,1058,1058,546,280.0,2005,2005,8,275000
544,1,1979.0,6,1,1375,780,780,0,0.0,1950,1937,6,141000
506,2,1992.0,8,2,1915,927,908,789,0.0,1992,1992,8,220000
480,2,2004.0,4,2,1200,600,600,0,0.0,2005,2004,7,151000
530,2,2002.0,6,2,1494,1494,1494,922,99.0,2002,2002,7,221000
486,2,1965.0,7,2,1986,1186,768,454,176.0,1990,1965,7,205000
576,2,2000.0,6,1,1040,1040,1040,732,0.0,1996,1996,5,152000
230,1,1948.0,8,3,2008,1112,896,603,0.0,2002,1948,5,225000
380,2,1934.0,10,2,3194,1940,965,428,0.0,1998,1934,8,359100
261,1,1961.0,5,1,1029,1029,1029,903,192.0,1961,1961,4,118500
736,3,2000.0,8,2,2153,1476,1440,904,204.0,2000,2000,9,313000
564,2,1978.0,6,2,1032,1032,1032,605,233.0,1978,1978,6,148000
531,2,2001.0,7,2,1872,1299,1299,990,108.0,2001,2001,8,261500
0,0,1980.0,6,1,1120,1120,1120,206,0.0,2007,2007,5,147000
0,0,1980.0,3,1,630,630,630,150,0.0,1972,1972,4,75500
480,2,1963.0,6,1,1054,1054,936,763,156.0,1963,1963,6,137500
393,2,2002.0,7,2,1509,807,783,457,0.0,2003,2002,6,183200
528,2,1962.0,4,1,832,832,832,0,0.0,1954,1954,6,105500
774,3,2007.0,9,2,1828,1828,1822,48,452.0,2007,2007,9,314813
749,3,2003.0,10,2,2262,1482,1482,871,226.0,2003,2003,8,305000
0,0,1980.0,5,1,864,864,864,41,0.0,1950,1914,3,67000
624,2,1974.0,9,2,2614,1548,1522,956,0.0,1997,1974,6,240000
484,2,1986.0,6,1,980,980,980,560,153.0,1977,1977,5,135000
440,2,2000.0,4,2,1512,756,756,420,513.0,2000,2000,6,168500
484,2,1972.0,8,1,1790,1012,732,247,288.0,1972,1972,6,165150
440,2,1962.0,5,1,1116,1116,1116,0,261.0,1962,1962,6,160000
286,1,1960.0,6,1,1422,1422,978,0,0.0,1978,1960,5,139900
364,1,1955.0,7,1,1520,1520,1156,674,164.0,1972,1955,6,153000
504,2,1969.0,9,1,2080,1040,1040,650,192.0,1969,1969,5,135000
520,2,1964.0,6,1,1350,1350,1248,624,259.0,1964,1964,6,168500
240,1,1937.0,8,1,1750,1089,636,0,0.0,1991,1880,5,124000
627,2,2006.0,6,2,1554,1554,1554,24,108.0,2006,2006,8,209500
544,2,1977.0,6,2,1411,1411,1386,822,209.0,1977,1977,7,82500
260,1,1954.0,6,1,1056,1056,1056,480,0.0,2005,1954,5,139400
576,2,1980.0,4,0,1056,1056,1056,1056,0.0,1980,1980,6,144000
0,0,1980.0,14,2,3395,1440,1440,256,0.0,1995,1914,6,200000
0,0,1980.0,4,1,800,800,264,0,0.0,1950,1936,2,60000
256,1,1954.0,7,2,1387,811,811,0,0.0,1954,1954,5,93000
0,0,1980.0,4,1,796,796,796,0,0.0,1950,1910,5,85000
648,3,2006.0,7,2,1567,1567,1520,1154,0.0,2006,2006,8,264561
588,2,2003.0,6,1,1518,1518,1518,1218,472.0,2004,2003,8,274000
650,2,2001.0,7,2,1929,1057,1057,738,0.0,2001,2001,7,226000
538,2,1972.0,9,2,2704,2000,1952,1410,0.0,1995,1972,8,345000
462,2,1969.0,7,2,1620,780,780,493,263.0,1969,1969,5,152000
478,3,2009.0,7,2,1766,1766,1766,1121,162.0,2009,2009,9,370878
576,2,1979.0,5,1,981,981,981,282,0.0,1971,1971,6,143250
420,2,1950.0,7,1,1048,1048,0,0,0.0,1950,1950,5,98300
495,2,1953.0,5,1,1094,1094,1094,500,216.0,1953,1953,6,155000
442,2,1966.0,7,1,1839,1051,756,0,351.0,1966,1966,6,155000
0,0,1980.0,3,1,630,630,630,131,0.0,1970,1970,4,84500
562,2,2007.0,7,2,1665,822,813,0,0.0,2007,2007,7,205950
296,1,1940.0,7,1,1510,755,755,0,0.0,1950,1940,4,108000
512,2,1996.0,7,2,1716,909,880,0,0.0,1996,1996,7,191000
216,1,1906.0,7,1,1469,756,756,0,0.0,1995,1906,6,135000
839,3,1995.0,7,2,2113,2113,2109,1696,660.0,1995,1995,8,350000
264,1,1971.0,6,1,1092,525,525,0,381.0,1971,1971,6,88000
312,1,1959.0,5,1,1053,1053,1053,806,54.0,2006,1959,5,145500
270,1,1931.0,6,1,1502,851,776,0,0.0,2000,1931,7,149000
330,1,1948.0,6,1,1458,912,912,0,0.0,1950,1948,6,97500
480,2,1968.0,7,1,1486,1486,1486,637,0.0,1999,1964,5,167000
550,2,1976.0,7,2,1935,1142,793,0,233.0,1976,1976,7,197900
711,3,1994.0,8,2,2448,1686,1629,1361,528.0,2005,1994,8,402000
576,2,1968.0,5,1,1392,1392,1392,0,216.0,1968,1968,6,110000
588,2,1974.0,6,2,1181,1181,1138,920,0.0,1972,1972,4,137500
1134,3,2005.0,8,1,2097,2097,2077,1721,0.0,2006,2005,8,423000
504,2,2000.0,7,2,1936,1454,1406,0,40.0,2000,2000,8,230500
596,2,1965.0,7,2,2380,1465,1021,187,113.0,1979,1965,6,129000
575,2,1994.0,7,2,1679,1679,1408,1138,258.0,1998,1994,6,193500
576,2,1999.0,6,1,1437,1437,1188,988,0.0,1987,1956,5,168000
252,1,1922.0,5,1,1180,1180,700,0,0.0,1950,1922,4,137500
540,2,2005.0,7,2,1476,738,738,193,0.0,2005,2005,6,173500
300,1,1930.0,6,2,1369,697,672,551,0.0,1950,1925,6,103600
546,2,1977.0,6,1,1208,1208,1208,767,0.0,1977,1977,6,165000
416,2,1957.0,7,2,1839,1839,1477,1186,106.0,2004,1957,6,257500
384,1,1965.0,5,1,1136,1136,1136,892,0.0,1965,1965,6,140000
440,2,1978.0,7,2,1441,855,855,311,0.0,1978,1978,6,148500
779,3,1920.0,8,2,1774,1095,1095,0,0.0,1950,1900,4,87000
240,1,1924.0,5,1,792,792,768,0,0.0,2006,1924,5,109500
834,3,2008.0,7,2,2046,2046,2046,0,464.0,2008,2008,8,372500
572,2,1963.0,5,1,988,988,988,827,57.0,1961,1961,5,128500
264,1,1980.0,5,2,923,923,923,543,0.0,1980,1980,6,143000
281,1,1968.0,6,1,1520,848,793,182,0.0,2000,1932,5,159434
431,2,1996.0,6,1,1291,1291,1291,1003,0.0,1997,1996,6,173000
702,3,2002.0,7,2,1668,1668,1626,1059,215.0,2002,2002,9,285000
486,2,1998.0,7,2,1839,1195,1195,0,30.0,1998,1998,7,221000
577,2,1984.0,6,2,2090,1190,1190,828,0.0,1984,1984,7,207500
578,2,2007.0,7,3,1761,874,874,0,0.0,2007,2007,7,227875
480,2,2004.0,4,2,1102,551,551,239,0.0,2004,2004,7,148800
567,2,2007.0,7,2,1419,1419,1419,945,0.0,2007,2007,8,392000
460,2,2005.0,6,2,1362,1362,1362,20,256.0,2006,2005,6,194700
420,2,2004.0,3,1,848,848,848,697,147.0,2004,2004,6,141000
832,3,1994.0,10,3,4316,2444,2444,1455,1170.0,1995,1994,10,755000
628,2,1989.0,9,2,2519,1238,1210,965,293.0,1990,1989,7,335000
326,1,1968.0,4,1,1073,1073,1073,0,0.0,1968,1921,5,108480
576,2,1995.0,5,1,1539,1067,927,0,0.0,1950,1936,5,141500
551,2,1987.0,5,2,1137,1137,1112,980,72.0,1987,1987,6,176000
205,1,1921.0,4,1,616,616,616,616,0.0,1950,1921,5,89000
308,1,1952.0,6,1,1148,1148,980,210,0.0,1952,1952,5,123500
336,1,1973.0,5,1,894,894,894,553,0.0,2009,1965,5,138500
530,2,2004.0,5,2,1391,1391,1391,16,0.0,2004,2004,7,196000
765,3,2002.0,7,2,1800,1800,1800,1274,630.0,2002,2002,8,312500
528,2,1969.0,6,1,1164,1164,1164,0,168.0,1969,1969,7,140000
666,3,2006.0,10,2,2576,1264,1234,0,466.0,2006,2006,8,361919
672,2,1999.0,8,2,1812,1032,360,0,0.0,1996,1900,5,140000
606,2,2004.0,7,2,1484,1484,1473,712,109.0,2005,2004,7,213000
0,0,1980.0,7,2,1092,372,0,0,0.0,1950,1930,4,55000
739,2,1971.0,5,2,1824,1824,1643,1219,351.0,2002,1971,7,302000
550,2,2006.0,6,2,1324,1324,1324,863,176.0,2006,2006,8,254000
400,2,2007.0,8,2,1456,728,728,0,0.0,2007,2007,7,179540
408,1,1966.0,6,1,904,904,876,0,41.0,1966,1966,5,109900
0,0,1980.0,5,1,729,729,270,0,0.0,2003,1935,3,52000
384,1,1964.0,7,1,1178,859,859,0,0.0,1950,1900,4,102776
472,2,1988.0,5,2,1228,1228,1228,767,0.0,1989,1988,8,189000
576,2,1970.0,6,1,960,960,960,789,160.0,1970,1970,4,129000
475,2,1976.0,6,2,1479,725,725,533,289.0,2005,1976,6,130500
478,2,1974.0,7,2,1350,1350,1064,0,174.0,1974,1974,6,165000
704,2,1996.0,8,1,2554,1576,718,0,0.0,1998,1890,7,159500
439,2,1973.0,5,1,1178,1178,1176,1084,0.0,2000,1973,5,157000
983,3,1993.0,9,2,2418,1325,1311,1173,651.0,1994,1993,7,341000
300,1,1969.0,5,1,971,971,971,523,0.0,1969,1969,5,128500
564,2,1985.0,5,2,1742,1742,1742,1148,0.0,1985,1985,8,275000
420,2,2004.0,3,1,848,848,848,662,169.0,2004,2004,6,143000
463,2,1994.0,5,1,864,864,864,191,0.0,1970,1970,4,124500
548,1,1958.0,7,2,1470,997,941,0,0.0,1972,1954,4,135000
768,3,2007.0,8,2,1698,1698,1698,1234,340.0,2008,2007,9,320000
660,2,1989.0,5,1,864,864,864,375,0.0,1970,1970,4,120500
540,2,1988.0,5,2,1680,1680,880,808,260.0,2007,1988,6,222000
632,2,2007.0,6,2,1232,1232,1232,724,82.0,2007,2007,7,194500
888,3,1968.0,9,2,1776,1776,1584,0,95.0,1958,1958,5,110000
539,2,1962.0,5,1,1208,848,780,152,0.0,1950,1925,4,103000
608,2,1995.0,5,2,1616,1616,1595,1180,0.0,1996,1995,8,236500
438,2,2003.0,6,2,1146,1146,868,786,442.0,2003,2003,7,187500
541,2,1998.0,8,2,2031,1153,1153,252,202.0,1999,1998,7,222500
264,1,1961.0,6,1,1144,1144,864,594,0.0,1983,1961,5,131400
300,1,1968.0,6,1,948,948,948,0,0.0,1968,1968,5,108000
320,2,1914.0,6,1,1768,880,880,390,0.0,1970,1914,7,163000
400,2,1949.0,6,2,1040,1040,0,0,0.0,1950,1950,3,93500
800,3,2005.0,8,2,1801,901,893,0,0.0,2005,2005,8,239900
0,0,1980.0,5,3,1200,1200,1200,1200,0.0,1988,1987,5,179000
572,2,2004.0,7,2,1728,864,864,0,0.0,2004,2004,7,190000
360,2,1910.0,7,2,1432,768,264,0,0.0,2002,1910,5,132000
288,1,1962.0,5,1,912,912,912,832,0.0,1996,1961,6,142000
539,2,2000.0,6,2,1349,1349,1349,0,108.0,2001,2000,7,179000
480,2,1997.0,6,2,1464,1464,520,444,0.0,1999,1963,5,175000
462,2,1993.0,5,2,1337,1337,1337,733,0.0,1993,1993,8,180000
831,2,1994.0,11,3,2715,1175,1142,575,289.0,1996,1976,8,299800
554,2,2000.0,8,2,2256,980,952,300,0.0,2000,2000,7,236000
864,4,1950.0,8,1,2640,1320,1240,0,0.0,2003,1880,7,265979
527,2,1996.0,7,2,1720,1720,1720,919,338.0,1996,1996,7,260400
240,1,1945.0,9,2,1529,1088,0,0,0.0,1950,1945,4,98000
0,0,1980.0,7,1,1140,792,576,0,0.0,2004,1910,4,96500
400,2,2003.0,6,2,1320,660,660,0,0.0,2003,2003,7,162000
576,2,1997.0,6,2,1494,1494,1479,1200,0.0,1997,1997,6,217000
878,3,2005.0,8,2,2098,1038,1030,0,178.0,2005,2005,8,275500
440,2,1969.0,5,1,1026,1026,1026,439,0.0,2005,1969,6,156000
440,2,1999.0,6,2,1471,742,729,381,894.0,1999,1999,6,172500
578,2,2007.0,7,2,1768,866,866,20,0.0,2007,2007,8,212000
440,2,1978.0,6,2,1386,672,672,438,328.0,1978,1978,6,158900
440,2,1999.0,6,2,1501,757,744,549,360.0,1999,1999,7,179400
752,3,1995.0,9,2,2531,1328,1318,56,513.0,1995,1995,8,290000
300,1,2008.0,5,1,864,864,864,612,0.0,1959,1959,6,127500
440,2,1965.0,5,1,1301,1301,1145,405,0.0,1950,1924,5,100000
614,2,2009.0,7,2,1547,764,756,24,0.0,2009,2009,7,215200
856,3,1999.0,8,2,2365,1268,1252,1163,673.0,1999,1999,8,337000
481,2,1995.0,6,1,1494,1494,1494,437,0.0,1996,1995,8,270000
592,2,2008.0,6,2,1506,1506,1498,0,284.0,2008,2008,9,264132
496,2,1988.0,7,2,1714,980,980,394,42.0,1988,1988,7,196500
423,1,1989.0,7,2,1750,983,983,660,0.0,1985,1940,6,160000
484,2,2004.0,8,2,1836,1836,1860,24,0.0,2005,2004,7,216837
841,3,2003.0,12,3,3279,1690,1650,1416,603.0,2003,2003,8,538000
576,2,1983.0,5,1,858,858,858,685,0.0,1982,1982,5,134900
396,2,1951.0,6,1,1220,1220,836,836,0.0,1951,1951,4,102000
672,2,1976.0,6,1,1117,1117,1029,422,0.0,1976,1976,6,107000
275,1,1958.0,5,1,912,912,912,456,1.0,1958,1958,5,114500
895,3,2006.0,9,2,1973,1973,1935,0,375.0,2006,2006,8,395000
412,2,1998.0,5,2,1204,1204,1204,866,320.0,1998,1998,6,162000
865,3,2005.0,7,2,1614,1614,1614,20,240.0,2006,2005,7,221500
440,2,1974.0,5,1,894,894,864,762,0.0,1974,1974,5,142500
630,2,1977.0,10,2,2020,2020,0,0,320.0,1977,1977,5,144000
504,2,1977.0,4,1,1004,1004,975,975,90.0,1977,1977,6,135000
402,2,1995.0,6,2,1253,1253,1237,0,38.0,1996,1995,7,176000
484,2,1992.0,7,2,1603,810,761,387,0.0,1992,1992,6,175900
605,2,2001.0,6,2,1430,1430,1413,0,0.0,2002,2001,7,187100
602,2,1978.0,4,1,1110,1110,1097,1097,104.0,1978,1978,5,165500
0,0,1980.0,9,2,1484,742,742,0,0.0,2001,1914,6,128000
457,2,1967.0,7,2,1342,1342,1372,251,0.0,1967,1967,6,161500
416,1,1961.0,7,2,1652,966,686,686,0.0,1950,1915,5,139000
618,2,2004.0,8,2,2084,956,956,656,0.0,2004,2004,7,233000
281,1,1954.0,4,1,901,901,901,0,0.0,2000,1954,4,107900
444,2,1966.0,9,2,2087,976,832,568,157.0,2007,1966,6,187500
397,2,2005.0,5,2,1145,1145,1145,16,11.0,2006,2005,7,160200
539,2,1976.0,5,1,1062,1062,1029,539,0.0,1976,1976,6,146800
455,2,1997.0,8,2,2013,1127,1117,862,0.0,1997,1996,7,269790
474,2,2007.0,7,2,1496,1496,1496,0,140.0,2007,2007,8,225000
409,2,1994.0,7,2,1895,1086,712,0,0.0,1996,1994,7,194500
476,2,1980.0,7,2,1564,888,650,0,130.0,1981,1980,6,171000
528,2,1977.0,7,1,1285,1285,660,0,148.0,1977,1977,6,143500
240,1,1953.0,4,1,773,773,773,570,0.0,1953,1953,5,110000
820,3,2009.0,11,3,3140,1966,1926,0,860.0,2009,2008,9,485000
240,1,1939.0,7,1,1768,981,731,569,252.0,1950,1937,5,175000
603,2,1997.0,8,2,1688,616,616,462,0.0,1997,1997,6,200000
440,2,1957.0,5,1,1196,1196,1196,197,0.0,1990,1916,4,109900
410,2,2005.0,7,2,1456,728,728,648,0.0,2005,2005,7,189000
1020,3,2009.0,12,3,2822,1734,1734,0,424.0,2009,2008,9,582933
286,1,1954.0,5,1,1128,1128,936,812,0.0,1954,1954,5,118000
554,2,2008.0,6,2,1428,1428,1417,0,256.0,2008,2008,7,227680
384,1,1967.0,6,2,980,980,980,400,0.0,1967,1967,5,135500
528,2,1923.0,6,1,1576,1072,1324,1309,0.0,2004,1923,5,223500
484,2,1966.0,6,1,1086,1086,1024,516,1047.0,1966,1966,5,159950
360,2,1910.0,11,2,2138,1075,849,0,0.0,1965,1898,5,106000
484,2,1974.0,5,1,1309,1309,1040,663,99.0,1999,1974,6,181000
420,2,2004.0,4,1,848,848,848,662,169.0,2004,2004,6,144500
504,2,1952.0,4,1,1044,1044,540,0,0.0,1952,1952,5,55993
301,1,1958.0,7,1,1442,1442,1442,608,243.0,1958,1958,6,157900
280,1,1955.0,7,1,1250,686,686,0,0.0,1950,1918,5,116000
598,2,1998.0,6,2,1661,1661,1649,0,442.0,1998,1998,7,224900
275,1,1954.0,4,1,1008,1008,1008,486,0.0,1954,1954,5,137000
857,3,2002.0,7,2,1689,1689,1568,1218,148.0,2002,2002,8,271000
440,2,1971.0,6,1,1052,1052,1010,504,80.0,1971,1971,6,155000
484,2,2010.0,6,2,1358,1358,1358,733,128.0,2010,2009,7,224000
595,2,2003.0,6,2,1640,798,798,0,0.0,2003,2003,7,183000
576,2,1974.0,4,1,936,936,936,0,0.0,1953,1953,4,93000
433,2,2003.0,7,2,1733,847,847,0,0.0,2003,2003,7,225000
240,1,1940.0,7,2,1489,944,778,0,0.0,1950,1940,6,139500
776,2,2006.0,7,2,1489,1489,1489,0,0.0,2006,2006,8,232600
1220,3,2007.0,7,2,2084,2084,2078,1636,816.0,2008,2007,10,385000
0,0,1980.0,5,1,784,784,784,784,0.0,1950,1924,5,109500
527,2,2001.0,6,2,1434,1434,1454,20,0.0,2001,2001,7,189000
538,2,1967.0,7,2,2126,1160,1013,249,0.0,1967,1967,5,185000
480,2,2005.0,4,2,1223,520,600,0,0.0,2005,2005,7,147400
458,2,1957.0,6,1,1392,1392,1392,1040,387.0,1957,1957,6,166000
480,2,2005.0,4,2,1200,520,600,0,0.0,2005,2005,7,151000
613,2,2003.0,7,2,1829,941,941,483,223.0,2003,2003,7,237000
472,2,1964.0,6,1,1516,1516,1516,196,180.0,1964,1964,6,167000
456,2,1961.0,6,1,1144,1144,1144,572,136.0,1961,1961,5,139950
436,2,1996.0,4,2,1067,1067,1067,442,0.0,1995,1950,4,128000
812,2,1948.0,5,1,1559,1559,1559,338,0.0,1973,1948,5,153500
264,1,1973.0,5,1,987,483,483,330,158.0,1973,1973,6,100000
352,1,1999.0,6,1,1099,1099,1099,0,0.0,2006,1995,5,144000
240,1,1946.0,6,1,1200,768,768,352,0.0,1995,1946,5,130500
400,1,1934.0,7,2,1482,810,672,156,0.0,1950,1925,6,140000
686,2,1983.0,8,2,1539,958,650,0,0.0,2002,1904,5,157500
490,2,1966.0,6,1,1165,1165,1127,312,183.0,1966,1966,6,174900
0,0,1980.0,10,2,1800,1800,1800,0,0.0,1961,1961,5,141000
720,3,1949.0,7,1,1416,876,876,0,0.0,1950,1915,5,153900
611,2,1975.0,6,2,1701,1701,1390,1390,0.0,1981,1975,5,171000
425,2,1993.0,7,2,1775,1006,740,513,137.0,1993,1993,7,213000
338,1,1972.0,5,1,864,864,864,460,0.0,1972,1972,5,133500
360,2,1908.0,10,3,2358,1307,907,0,0.0,1997,1908,6,240000
512,2,1976.0,7,2,1855,1094,528,0,360.0,1994,1976,6,187000
420,2,2003.0,3,1,848,848,848,659,170.0,2003,2003,6,131500
400,2,2003.0,7,2,1456,1456,1273,0,40.0,2003,2003,8,215000
240,1,1941.0,7,2,1646,918,918,364,0.0,1950,1941,7,164000
645,2,1964.0,7,1,1445,1445,1127,564,115.0,1964,1964,6,158000
454,2,1955.0,6,1,1779,1779,1763,306,0.0,1974,1955,5,170000
260,1,1962.0,6,1,1040,1040,1040,659,0.0,2010,1962,5,127000
576,2,1981.0,5,1,1026,1026,940,505,0.0,1978,1978,6,147000
343,2,1994.0,6,2,1481,702,702,0,0.0,1995,1994,6,174000
479,2,1976.0,6,2,1370,1370,1090,0,189.0,1976,1976,7,152000
619,2,1968.0,9,2,2654,1512,1054,619,220.0,1984,1968,6,250000
216,1,1925.0,7,1,1426,912,912,0,0.0,1998,1918,7,189950
504,2,1965.0,6,1,1039,1039,1039,841,0.0,1965,1965,5,131500
480,2,1986.0,6,2,1097,1097,1040,338,0.0,1985,1984,6,152000
672,1,1959.0,6,1,1148,1148,1148,1148,0.0,1959,1959,5,132500
529,2,2008.0,6,2,1372,1372,1372,0,0.0,2008,2007,7,250580
902,2,1973.0,5,1,1002,1002,1002,828,76.0,1970,1970,5,148500
870,3,2007.0,6,2,1646,1646,1638,0,274.0,2007,2006,8,248900
544,2,1961.0,5,1,1120,1120,1040,932,0.0,1961,1961,4,129000
672,2,1979.0,7,2,2320,1547,0,0,0.0,1950,1948,5,169000
574,2,1993.0,8,2,1949,1062,1050,750,246.0,1994,1993,7,236000
308,1,1962.0,5,1,894,894,894,0,0.0,1962,1962,5,109500
523,2,1998.0,7,2,1682,804,804,505,116.0,1998,1998,6,200500
414,2,1953.0,5,1,910,910,105,0,0.0,1996,1953,5,116000
288,1,1949.0,6,1,1268,1036,832,375,0.0,1950,1949,5,133000
200,1,1941.0,5,1,1131,676,676,0,0.0,1950,1941,5,66500
550,2,2007.0,11,2,2610,1184,1184,64,0.0,2007,2007,8,303477
648,2,1963.0,5,1,1040,1040,1064,633,0.0,1963,1963,4,132250
738,3,2004.0,10,2,2224,1462,1462,1170,216.0,2005,2004,9,350000
576,2,1987.0,6,1,1155,1155,1109,899,0.0,1995,1961,5,148000
336,1,1978.0,6,1,864,864,864,646,90.0,2005,1978,5,136500
450,2,2005.0,5,1,1090,1090,1090,980,0.0,2006,2005,5,157000
400,2,1990.0,7,2,1717,1187,1156,902,117.0,1991,1990,7,187500
389,2,1993.0,7,2,1593,808,808,0,0.0,1993,1992,6,178000
440,1,1997.0,10,1,2230,954,795,0,0.0,1950,1912,4,118500
288,1,1967.0,5,1,892,892,892,432,60.0,1967,1967,5,100000
506,2,1999.0,5,2,1709,1709,1698,1238,60.0,2000,1999,9,328900
588,2,2005.0,8,2,1712,1712,1626,528,122.0,2005,1959,5,145000
300,1,1955.0,8,1,1393,872,816,0,0.0,1955,1955,5,135500
621,2,1970.0,8,2,2217,2217,2217,351,0.0,1970,1970,8,268000
505,2,1953.0,6,1,1505,1505,1505,1024,90.0,1953,1953,6,149500
576,2,2003.0,6,1,924,672,672,0,0.0,2006,1949,5,122900
440,2,1978.0,7,2,1683,918,918,226,92.0,1978,1978,6,172500
264,1,1963.0,6,1,1068,1068,1059,663,0.0,2003,1963,6,154500
354,1,1954.0,6,1,1383,1383,1383,1064,0.0,1954,1954,5,165000
400,2,1979.0,8,2,1535,1535,0,0,0.0,1979,1979,5,118858
483,2,1963.0,8,1,1796,983,780,400,415.0,1963,1963,6,140000
327,1,1936.0,6,1,951,951,951,285,0.0,1950,1936,4,106500
528,2,1979.0,12,2,2240,1120,0,0,0.0,1979,1979,5,142953
820,3,2009.0,11,2,2364,2364,2330,2188,760.0,2010,2009,9,611657
288,1,1961.0,6,1,1236,1236,912,465,0.0,1994,1961,5,135000
684,1,1979.0,4,1,858,858,858,322,0.0,1971,1971,4,110000
756,1,1968.0,5,1,1306,1306,992,860,0.0,2000,1957,5,153000
393,2,2003.0,8,2,1509,807,783,0,0.0,2003,2003,7,180000
690,3,2006.0,7,2,1670,1670,1670,0,27.0,2006,2006,7,240000
288,1,1967.0,6,1,902,902,876,599,75.0,1967,1967,5,125500
280,1,1954.0,6,1,1063,1063,1056,354,110.0,1954,1954,5,128000
865,3,2006.0,8,2,1636,1636,1623,63,208.0,2006,2006,8,255000
180,1,1936.0,6,1,2057,1020,1017,223,0.0,1987,1936,7,250000
484,2,1983.0,5,1,902,902,864,301,0.0,1983,1983,5,131000
390,2,2005.0,8,2,1484,742,742,0,0.0,2005,2005,6,174000
480,2,1960.0,12,2,2274,1105,1105,443,361.0,1960,1960,5,154300
252,1,1978.0,5,1,1268,1268,1268,196,0.0,1989,1977,5,143500
450,1,1925.0,6,1,1015,1015,768,489,0.0,1950,1925,5,88000
871,3,1949.0,8,2,2002,1001,1001,284,0.0,1950,1949,5,145000
528,2,2009.0,4,2,1224,612,612,294,76.0,2009,2009,6,173733
286,1,1970.0,6,1,1092,546,546,0,80.0,1970,1970,4,75000
308,1,1958.0,4,0,480,480,480,50,0.0,1950,1949,2,35311
284,1,1956.0,6,1,1229,1229,1134,1059,0.0,1956,1956,4,135000
833,3,1991.0,8,2,2127,912,1104,48,0.0,1991,1991,7,238000
601,2,1990.0,6,1,1414,1414,1184,528,0.0,2002,1958,6,176500
471,2,1994.0,7,2,1721,936,928,814,105.0,1994,1994,6,201000
0,0,1980.0,9,2,2200,1272,1272,1084,0.0,2003,1900,5,145900
397,2,2005.0,6,2,1316,1316,1316,28,0.0,2006,2005,6,169990
533,2,1993.0,5,2,1617,1617,1604,165,0.0,1994,1993,6,193000
612,2,1980.0,7,2,1686,1686,1686,625,157.0,1980,1980,6,207500
540,2,1977.0,6,2,1126,1126,1126,767,0.0,1977,1977,5,175000
656,3,2003.0,10,2,2374,1234,1181,0,340.0,2004,2003,8,285000
486,2,1968.0,9,2,1978,1098,832,552,342.0,1968,1968,7,176000
522,2,2001.0,7,2,1788,1788,1753,0,0.0,2001,2001,8,236500
642,2,1997.0,8,2,2236,993,964,0,285.0,1997,1997,7,222000
610,3,2007.0,7,2,1466,1466,1466,16,0.0,2007,2007,8,201000
429,1,1965.0,5,1,925,925,925,338,0.0,1965,1965,5,117500
788,3,2006.0,8,2,1905,1905,1905,0,302.0,2006,2006,9,320000
570,2,2004.0,6,2,1500,1500,1500,20,210.0,2004,2004,7,190000
505,2,1960.0,9,2,2069,2069,585,425,0.0,2007,1960,7,242000
528,2,1953.0,5,1,747,747,600,0,108.0,1953,1926,4,79900
555,2,2003.0,5,2,1200,1200,1176,833,0.0,2003,2003,7,184900
689,2,2005.0,8,2,1971,1113,1113,341,0.0,2005,2005,7,253000
868,3,2006.0,7,2,1962,1391,1391,464,0.0,2006,2006,7,239799
349,1,1940.0,10,2,2403,1207,1032,0,0.0,1950,1940,7,244400
574,2,1976.0,8,2,1728,1728,1728,936,0.0,1976,1976,6,150900
390,2,1999.0,8,2,2060,1022,992,772,298.0,1999,1999,7,214000
0,0,1980.0,8,2,1440,1440,1440,1440,0.0,1977,1977,4,150000
576,2,1967.0,8,2,1632,1632,1632,0,0.0,1967,1967,5,143000
525,2,1958.0,7,1,1344,1344,819,111,541.0,1958,1958,6,137500
456,2,1963.0,7,1,1869,1188,1088,1088,0.0,1996,1890,5,124900
796,1,1959.0,6,1,1144,1144,1144,748,128.0,1959,1959,5,143000
808,3,2002.0,9,2,1629,1629,1616,1300,236.0,2003,2002,8,270000
474,2,2002.0,7,2,1776,936,936,0,144.0,2002,2002,7,192500
676,2,1972.0,5,1,1381,1381,1161,982,0.0,2006,1972,6,197500
720,2,1980.0,5,1,864,864,864,398,0.0,2002,1950,5,129000
300,1,1979.0,6,1,965,965,828,641,0.0,1965,1965,5,119900
396,1,1974.0,5,1,768,768,768,660,0.0,2003,1972,5,133900
530,2,1969.0,7,2,1968,1168,784,562,232.0,1969,1969,5,172000
0,0,1980.0,4,2,980,980,945,945,250.0,1975,1975,6,127500
492,2,1946.0,8,2,1958,979,979,484,423.0,1950,1946,6,145000
462,2,1980.0,5,1,1229,561,561,285,0.0,1980,1980,6,124000
576,2,1977.0,6,1,1057,1057,1057,417,0.0,1962,1962,5,132000
531,2,2003.0,6,2,1337,1337,1337,699,0.0,2003,2003,7,185000
484,2,1999.0,6,2,1416,696,696,604,0.0,1999,1999,7,155000
0,0,1980.0,4,1,858,858,858,696,0.0,2008,1958,5,116500
619,2,1977.0,11,2,2872,1542,1330,896,424.0,1995,1977,6,272000
440,2,1976.0,7,2,1548,804,804,556,0.0,1976,1976,6,155000
702,2,2007.0,7,2,1800,1800,1800,0,0.0,2007,2007,9,239000
510,2,2002.0,8,2,1894,824,817,624,44.0,2003,2002,7,214900
393,2,2005.0,8,2,1484,783,783,0,0.0,2007,2005,6,178900
256,1,1940.0,7,1,1308,976,728,428,0.0,1950,1940,5,160000
260,1,1955.0,6,1,1098,1098,1098,902,151.0,1955,1955,5,135000
0,0,1980.0,6,1,968,600,600,0,0.0,1950,1910,3,37900
264,1,1958.0,6,1,1095,1095,588,513,105.0,1958,1958,6,140000
0,0,1980.0,6,1,1192,720,720,0,0.0,1950,1949,4,135000
474,2,2003.0,6,2,1626,764,764,567,106.0,2004,2003,7,173000
264,1,1979.0,5,2,918,918,918,0,0.0,1979,1979,6,99500
480,2,2007.0,6,2,1428,1428,1428,0,0.0,2008,2007,7,182000
532,2,1997.0,8,1,2019,1136,728,0,0.0,1993,1910,7,167500
490,2,2000.0,6,2,1382,673,673,641,0.0,2000,2000,7,165000
0,0,1980.0,4,1,869,869,440,0,0.0,1958,1923,4,85500
569,2,2007.0,4,1,1241,1241,1241,1106,0.0,2007,2006,7,199900
400,2,1999.0,5,1,894,894,894,552,0.0,1954,1954,4,110000
480,2,1963.0,5,1,1121,1121,1121,651,0.0,1963,1963,5,139000
588,2,1961.0,6,1,999,999,944,867,210.0,2007,1961,7,178400
676,3,1998.0,8,2,2612,1276,1225,854,975.0,1999,1998,8,336000
388,2,2007.0,6,2,1266,1266,1266,0,16.0,2007,2007,7,159895
779,2,2002.0,9,2,2290,1149,1128,0,0.0,2002,2002,8,255900
539,2,1977.0,8,2,1734,1302,0,0,0.0,1977,1977,5,126000
240,1,1950.0,5,1,1164,1164,1164,1040,0.0,1950,1950,5,125000
255,1,1950.0,5,1,1635,1001,485,0,0.0,2003,1910,6,117000
606,3,2010.0,8,2,1940,1940,1930,1646,450.0,2010,2009,9,395192
551,2,1976.0,8,2,2030,1118,848,156,298.0,1976,1976,6,195000
614,2,2006.0,6,2,1576,778,770,0,0.0,2006,2006,7,197000
870,3,1997.0,7,2,2392,1407,1396,1074,423.0,1998,1997,8,348000
424,2,1925.0,8,1,1742,916,916,216,0.0,1986,1882,8,168000
440,2,1964.0,7,2,1851,1020,822,536,340.0,1993,1964,6,187000
564,2,2005.0,6,2,1500,750,750,0,0.0,2006,2005,6,173900
786,3,2008.0,7,2,1718,1718,1700,1172,230.0,2007,2006,10,337500
305,1,1946.0,5,1,1230,774,747,384,0.0,1950,1946,4,121600
368,1,1961.0,6,1,1050,1050,1050,915,0.0,1961,1961,5,136500
615,2,1970.0,6,2,1442,1442,1442,0,571.0,1970,1970,6,185000
210,1,1922.0,6,1,1077,1077,1007,0,0.0,1950,1922,3,91000
632,2,2006.0,6,2,1208,1208,1187,686,24.0,2006,2006,7,206000
528,2,1956.0,4,1,944,944,0,0,0.0,1952,1952,3,82000
216,1,1920.0,4,1,691,691,691,0,0.0,1950,1920,5,86000
824,3,2006.0,7,2,1574,1574,1574,24,53.0,2006,2006,8,232000
528,2,1976.0,8,2,1680,1680,1680,0,164.0,1976,1976,5,136905
457,2,2005.0,7,2,1504,1504,1346,16,16.0,2006,2005,7,181000
328,1,1977.0,6,2,985,985,985,595,220.0,1977,1977,5,149900
484,2,1970.0,7,2,1657,1657,1657,1237,0.0,1970,1970,6,163500
286,1,1970.0,6,1,1092,546,546,273,0.0,1970,1970,4,88000
550,2,2004.0,7,2,1710,1710,1710,0,108.0,2005,2004,7,240000
0,0,1980.0,7,2,1522,1008,1008,0,0.0,1950,1926,5,102000
312,1,1948.0,7,2,1271,720,720,0,0.0,1950,1948,5,135000
0,0,1980.0,8,2,1664,1664,0,0,0.0,1965,1965,5,100000
180,1,1923.0,7,1,1502,900,602,0,0.0,1996,1923,6,165000
280,1,1956.0,4,1,1022,1022,1022,247,0.0,2006,1910,5,85000
240,1,1948.0,5,1,1082,1082,1082,336,206.0,1950,1948,6,119200
528,2,2001.0,6,2,1665,810,810,643,0.0,2001,2001,8,227000
478,2,1996.0,6,2,1504,1504,1504,690,196.0,1996,1996,7,203000
565,2,1984.0,4,1,1360,1360,1220,1036,0.0,1984,1984,8,187500
402,2,1991.0,7,2,1472,802,384,0,76.0,1992,1991,7,160000
440,2,2005.0,6,2,1506,1506,1362,16,145.0,2005,2005,7,213490
451,2,2005.0,5,1,1132,1132,1132,1024,0.0,2005,2005,4,176000
632,2,2006.0,6,2,1220,1220,1199,684,84.0,2006,2006,7,194000
160,1,1957.0,6,1,1248,912,912,324,0.0,1950,1930,5,87000
437,2,2005.0,7,2,1504,1504,1346,16,14.0,2006,2005,7,191000
665,2,1976.0,10,2,2898,2898,1565,1165,0.0,1976,1976,8,287000
461,2,1980.0,5,1,882,882,882,138,0.0,1972,1972,5,112500
461,2,1960.0,6,1,1264,1264,1268,697,324.0,1960,1960,5,167500
800,3,2008.0,7,2,1646,1646,1638,1513,338.0,2008,2007,8,293077
240,1,1941.0,6,1,1376,968,768,368,0.0,1950,1941,5,105000
264,1,1972.0,7,1,1218,672,672,317,281.0,1972,1972,6,118000
0,0,1980.0,10,2,1928,948,686,0,0.0,1995,1916,5,160000
672,2,1970.0,12,2,3082,1687,824,523,0.0,1970,1920,7,197000
796,3,1993.0,10,2,2520,1352,1338,1012,0.0,1993,1993,8,310000
900,3,2002.0,6,2,1654,1654,1654,986,295.0,2002,2002,7,230000
240,1,1938.0,5,1,954,954,920,0,0.0,1950,1938,5,119750
290,1,1957.0,5,1,845,845,0,0,0.0,1957,1957,4,84000
912,3,2008.0,6,2,1620,1620,1620,1022,70.0,2008,2007,9,315500
905,2,2001.0,7,2,2263,1055,1055,0,396.0,2002,2001,8,287000
0,0,1980.0,6,1,1344,798,546,0,0.0,2008,1970,4,97000
286,1,1970.0,3,1,630,630,630,509,0.0,1970,1970,4,80000
484,2,1957.0,8,2,1803,1803,1134,168,67.0,2000,1957,5,155000
484,2,1966.0,7,1,1632,800,800,400,252.0,2000,1966,6,173000
624,2,2005.0,5,2,1306,1306,1306,900,135.0,2005,2005,6,196000
514,2,1990.0,10,2,2329,1532,1475,1085,99.0,1990,1990,7,262280
542,2,1981.0,9,2,2524,2524,2524,1104,0.0,1981,1981,8,278000
452,2,1955.0,8,2,1733,1733,0,0,0.0,1955,1955,3,139600
716,3,2005.0,11,3,2868,1992,1992,240,208.0,2006,2005,9,556581
672,2,1996.0,5,1,990,990,990,686,0.0,1995,1994,5,145000
336,2,1960.0,9,1,1771,1771,0,0,75.0,2006,1960,5,115000
308,1,1946.0,6,1,930,930,0,0,0.0,2006,1946,4,84900
436,2,2007.0,6,2,1302,1302,1302,0,0.0,2007,2007,7,176485
440,2,2007.0,6,2,1316,1316,1316,0,0.0,2007,2007,7,200141
540,2,1964.0,9,1,1977,1127,816,442,272.0,1978,1964,6,165000
364,1,1957.0,7,1,1526,1526,1216,383,145.0,2002,1957,5,144500
586,2,2002.0,7,2,1989,1091,1065,932,210.0,2002,2002,8,255000
478,2,1976.0,7,2,1523,1523,1193,644,160.0,1976,1976,6,180000
484,2,2005.0,6,2,1364,1364,1364,659,240.0,2005,2005,7,185850
467,2,1994.0,7,2,1850,979,973,595,0.0,1994,1994,7,248000
836,3,2008.0,10,2,2184,1130,1104,936,154.0,2008,2008,9,335000
432,2,1977.0,7,1,1991,1096,854,297,480.0,1950,1932,6,220000
582,2,2001.0,6,2,1338,1338,1338,616,0.0,2001,2001,8,213500
1248,3,1994.0,6,1,894,894,894,0,0.0,1950,1935,3,81000
560,2,1945.0,10,2,2337,1422,662,0,0.0,1950,1900,5,90000
440,2,1976.0,5,1,1103,1103,1103,397,0.0,1980,1925,6,110500
480,2,1966.0,6,1,1154,1154,1154,740,200.0,1966,1966,5,154000
533,2,1996.0,7,2,2260,1306,1306,1201,0.0,1997,1996,7,328000
380,2,1993.0,7,2,1571,799,799,0,0.0,1994,1993,6,178000
442,2,1964.0,7,1,1611,798,780,674,360.0,1964,1964,6,167900
576,2,1973.0,10,2,2521,1291,942,837,0.0,1973,1973,6,151400
576,2,1985.0,4,1,893,893,845,220,0.0,2003,1949,5,135000
286,1,1956.0,6,1,1048,1048,1048,586,120.0,1956,1956,5,135000
441,2,1968.0,8,1,1556,829,727,298,0.0,1968,1968,6,154000
280,1,1954.0,7,1,1456,1002,810,0,0.0,1950,1948,5,91500
440,2,1977.0,6,1,1426,698,690,535,140.0,1977,1977,6,159500
826,3,2006.0,5,2,1240,1240,1240,0,0.0,2006,2006,7,194000
240,1,1940.0,6,1,1740,960,800,410,0.0,1984,1940,7,219500
566,2,1950.0,7,2,1466,1096,796,626,0.0,1989,1936,5,170000
299,1,1969.0,6,1,1096,1096,1096,75,0.0,1969,1969,5,138800
420,2,2004.0,3,1,848,848,848,662,169.0,2004,2004,6,155900
299,1,1996.0,5,1,990,990,990,495,0.0,1994,1994,5,126000
528,2,1971.0,5,2,1258,1258,1258,656,144.0,2004,1971,6,145000
308,1,1963.0,5,1,1040,1040,1040,824,0.0,1963,1963,5,133000
527,2,2002.0,6,2,1459,1459,1459,0,100.0,2002,2002,7,192000
461,1,1964.0,6,1,1251,1251,1251,553,425.0,1964,1964,6,160000
409,2,1995.0,6,2,1498,691,691,592,0.0,1996,1995,6,187500
564,2,1992.0,5,1,996,996,936,747,0.0,1992,1992,6,147000
286,1,1973.0,6,1,1092,546,546,334,0.0,1973,1973,4,83500
1043,3,2005.0,9,2,1953,1082,1082,0,0.0,2006,2005,8,252000
380,2,2004.0,7,2,1709,970,970,0,50.0,2004,2004,7,137500
550,2,2005.0,4,1,1247,1247,1247,1039,0.0,2005,2005,8,197000
400,2,1987.0,6,2,1040,1040,0,0,0.0,1950,1950,3,92900
462,2,1999.0,4,2,1252,624,600,510,212.0,2000,1999,7,160000
576,2,1925.0,7,2,1694,1390,1181,423,0.0,1950,1925,6,136500
884,2,1977.0,6,1,1200,1200,864,661,166.0,1998,1965,5,146000
308,1,1956.0,4,1,936,936,936,248,0.0,2000,1956,5,129000
440,2,2006.0,6,2,1314,1314,1314,24,0.0,2006,2006,6,176432
0,0,1980.0,7,1,1355,773,684,0,0.0,2006,1914,6,127000
461,2,1987.0,5,1,1088,1088,1074,0,0.0,1986,1986,8,170000
240,1,1936.0,6,1,1324,757,672,672,0.0,1950,1936,4,128000
478,2,1978.0,7,2,1601,1601,1271,704,206.0,1978,1978,7,157000
246,1,1930.0,3,1,438,438,290,290,0.0,1950,1920,2,60000
280,1,1981.0,5,1,950,950,950,412,0.0,1971,1971,5,119500
254,1,1960.0,6,1,1134,1134,1010,588,45.0,2002,1960,5,135000
539,2,1954.0,6,1,1194,1194,655,655,0.0,1959,1959,6,159500
440,2,1970.0,6,2,1302,630,630,0,304.0,1970,1970,5,106000
712,2,1994.0,9,2,2622,1500,1463,1032,362.0,1995,1994,8,325000
719,2,1990.0,6,2,1442,1442,910,738,0.0,1991,1990,7,179900
422,2,2006.0,9,2,2021,887,868,0,0.0,2006,2006,7,274725
463,2,2000.0,7,2,1690,948,924,0,0.0,2000,2000,6,181000
862,3,2004.0,7,2,1836,1836,1836,1039,42.0,2005,2004,8,280000
431,2,1995.0,8,2,1658,773,773,219,0.0,1996,1995,6,188000
483,2,1976.0,8,2,1964,1098,803,403,660.0,1976,1976,7,205000
308,1,1957.0,5,1,816,816,816,708,0.0,1957,1957,5,129900
240,1,1953.0,6,1,1008,1008,1008,643,0.0,2006,1953,5,134500
326,1,1955.0,4,1,833,833,833,415,0.0,2000,1954,5,117000
928,3,2007.0,7,2,1734,1734,1734,1004,328.0,2007,2007,8,318000
527,2,2002.0,7,2,1419,779,408,353,0.0,2002,2002,8,184100
450,2,1967.0,5,1,894,894,894,702,0.0,2003,1967,5,130000
300,1,1958.0,6,1,1601,1021,533,0,0.0,1987,1958,5,140000
286,1,1959.0,6,1,1040,1040,1040,369,0.0,1959,1959,5,133700
308,1,1920.0,6,1,1012,1012,1012,0,0.0,1950,1920,6,118400
782,3,2005.0,7,2,1552,1552,1552,24,196.0,2006,2005,7,212900
288,1,1956.0,5,1,960,960,672,0,0.0,1956,1956,4,112000
0,0,1980.0,4,1,698,698,698,0,0.0,2008,1947,5,118000
392,2,1992.0,7,2,1482,812,384,0,170.0,1992,1992,7,163900
672,2,1977.0,5,1,1005,1005,1005,0,0.0,1955,1955,4,115000
660,3,2007.0,7,2,1555,1555,1373,0,130.0,2007,2007,7,174000
630,3,2004.0,7,2,1530,1530,1530,1300,0.0,2004,2004,7,259000
434,2,2004.0,8,2,1959,847,847,0,0.0,2005,2004,7,215000
672,2,1980.0,4,1,936,936,936,936,180.0,1980,1980,5,140000
576,2,1981.0,7,2,1981,1328,1122,622,0.0,1950,1928,4,135000
0,0,1980.0,5,1,974,974,974,212,0.0,1992,1991,5,93500
205,1,1930.0,8,2,2210,1178,1008,0,0.0,1950,1880,6,117500
466,2,1995.0,8,2,2020,1142,1128,584,0.0,1995,1995,8,239500
460,2,1997.0,7,2,1600,916,916,0,0.0,1997,1997,6,169000
180,1,1926.0,5,1,986,986,960,0,0.0,1950,1926,6,102000
288,1,1950.0,6,1,1252,1032,1032,280,0.0,1950,1950,6,119000
0,0,1980.0,6,1,1020,780,780,0,0.0,1996,1875,5,94000
714,2,1977.0,5,2,1567,1567,1567,1567,0.0,1977,1977,6,196000
495,2,1972.0,6,1,1167,1167,915,645,0.0,1950,1920,5,144000
840,2,1988.0,4,1,952,952,952,852,0.0,1951,1951,5,139000
484,2,1976.0,9,2,1868,1088,780,381,44.0,1976,1976,5,197500
1052,3,2006.0,11,3,2828,1466,1466,1150,340.0,2007,2006,8,424870
0,0,1980.0,5,1,1006,1006,1006,288,0.0,1959,1959,5,80000
280,1,1941.0,5,1,924,672,672,348,0.0,1950,1941,4,80000
225,1,1928.0,8,1,1576,1042,1042,0,0.0,1950,1928,5,149000
403,2,1985.0,5,2,1298,1298,1298,1258,85.0,1985,1985,6,180000
234,1,1941.0,7,1,1564,860,704,275,0.0,1950,1941,7,174500
288,1,1982.0,5,1,1111,572,572,0,0.0,1950,1926,7,116900
324,2,1930.0,7,1,1482,832,650,624,0.0,1988,1920,7,143000
306,1,1950.0,4,1,932,932,932,0,0.0,1950,1950,6,124000
528,2,1959.0,6,1,1466,1466,1466,176,132.0,1959,1959,5,149900
470,2,1956.0,6,1,1811,1811,1073,296,0.0,2004,1956,6,230000
432,1,2002.0,5,1,816,816,816,538,0.0,2007,1930,6,120500
492,2,1965.0,8,1,1820,902,864,454,288.0,1988,1965,7,201800
528,2,1976.0,6,2,1437,1437,1437,1157,0.0,2004,1976,5,218000
502,2,1965.0,6,2,1265,1265,1219,633,0.0,1999,1965,5,179900
626,2,2008.0,6,2,1314,1314,1314,904,166.0,2008,2007,7,230000
830,3,2008.0,7,2,1580,1580,1580,0,186.0,2008,2007,8,235128
540,2,1974.0,8,2,1876,943,901,442,270.0,1974,1974,6,185000
440,2,1978.0,7,2,1456,855,855,311,0.0,1978,1978,6,146000
924,2,1993.0,7,1,1640,1640,1296,728,72.0,2006,1954,6,224000
450,2,1968.0,5,1,894,894,894,492,0.0,1968,1968,5,129000
400,2,1969.0,6,0,1258,1258,1198,1198,0.0,1969,1969,4,108959
588,2,1978.0,5,1,1432,1432,1360,680,0.0,1978,1978,5,194000
644,2,2009.0,7,2,1502,1502,1502,0,268.0,2009,2009,7,233170
776,3,2008.0,7,2,1694,1694,1694,0,72.0,2008,2008,8,245350
472,2,2000.0,7,2,1671,959,959,786,0.0,2000,2000,6,173000
540,2,1935.0,7,2,2108,1236,1127,626,0.0,1986,1935,6,235000
807,3,1995.0,10,3,3627,1831,1930,1387,1378.0,1996,1995,10,625000
358,1,1977.0,6,1,1118,1118,1096,522,0.0,1977,1977,6,171000
433,2,1958.0,6,1,1261,1261,1261,662,0.0,1958,1958,6,163000
625,2,2006.0,5,2,1250,625,625,0,0.0,2007,2006,7,171900
0,0,1980.0,12,3,3086,1636,1598,152,0.0,1994,1946,5,200500
360,2,1932.0,9,2,2345,1170,952,503,0.0,1950,1932,6,239000
541,2,1992.0,9,2,2872,2129,1683,700,337.0,2000,1992,8,285000
264,1,1984.0,5,1,923,923,876,658,0.0,1985,1984,5,119500
210,1,1926.0,5,1,1224,818,818,468,0.0,2004,1926,6,115000
186,1,1921.0,7,1,1343,820,731,0,0.0,1950,1921,5,154900
0,0,1980.0,5,1,1124,1124,0,0,0.0,1954,1954,5,93000
693,2,1990.0,8,2,2514,1298,1216,1216,0.0,1991,1990,7,250000
482,2,2008.0,5,2,1652,1652,1600,1480,186.0,2008,2008,8,392500
813,3,1996.0,10,3,4476,2411,2396,2096,0.0,1996,1996,10,745000
720,2,1970.0,5,1,1130,1130,1120,821,0.0,1950,1920,5,120000
995,3,1963.0,5,1,1572,1572,1572,1159,226.0,1963,1963,5,186700
392,1,1965.0,7,1,1221,949,784,392,0.0,1950,1924,5,104900
420,2,1920.0,7,2,1699,1014,978,440,0.0,1970,1900,3,95000
757,3,1994.0,5,2,1624,1624,1624,1456,0.0,1995,1994,8,262000
493,2,2002.0,7,2,1660,831,831,0,95.0,2002,2002,7,195000
442,2,1999.0,7,2,1804,1028,994,0,0.0,1999,1999,7,189000
1356,4,1975.0,7,1,1622,1622,1249,1159,149.0,1975,1961,4,168000
492,2,1999.0,5,2,1441,764,776,0,456.0,2000,1999,8,174000
250,1,1925.0,6,1,1472,842,702,0,0.0,1994,1925,5,125000
402,2,1999.0,5,2,1224,1224,1224,883,425.0,1999,1999,6,165000
299,1,1969.0,7,1,1352,663,663,371,143.0,1969,1969,6,158000
400,2,2005.0,8,2,1456,728,728,0,0.0,2005,2005,6,176000
660,3,2006.0,9,2,1863,879,879,0,0.0,2006,2006,7,219210
225,1,1916.0,7,1,1690,815,815,0,0.0,1950,1916,7,144000
573,2,2001.0,6,2,1212,1212,1212,0,0.0,2001,2001,7,178000
459,2,1974.0,6,1,1382,1382,1051,547,51.0,1979,1963,4,148000
280,1,1972.0,5,1,864,864,864,0,0.0,1970,1970,4,116050
546,2,1998.0,6,2,1779,866,866,0,0.0,1998,1998,7,197900
216,1,1960.0,5,1,1348,884,884,0,0.0,1997,1925,5,117000
451,2,2000.0,6,2,1630,1630,1630,0,171.0,2001,2000,7,213000
495,2,1975.0,6,1,1074,1074,1056,788,0.0,1975,1975,5,153500
701,3,1990.0,7,2,2196,2196,2158,485,234.0,1991,1990,7,271900
384,1,1966.0,5,1,1056,1056,1056,1056,0.0,1966,1966,4,107000
544,2,2003.0,7,2,1700,1700,1682,340,120.0,2003,2003,6,200000
506,2,1980.0,6,1,1283,1283,931,504,0.0,1980,1962,5,140000
500,2,2006.0,8,2,1660,1660,1660,1220,420.0,2006,2006,8,290000
462,2,1992.0,8,2,1845,1055,1055,0,0.0,1992,1992,6,189000
492,2,1988.0,8,2,1752,1080,559,427,0.0,2005,1988,8,164000
234,1,1941.0,4,1,672,672,672,344,0.0,1950,1941,4,113000
364,1,1965.0,3,0,960,960,648,648,0.0,2001,1965,4,145000
300,1,1962.0,6,1,999,999,925,784,0.0,1962,1962,5,134500
384,1,1966.0,5,1,894,894,894,180,0.0,1966,1966,5,125000
539,2,1978.0,8,2,1902,1318,0,0,0.0,1978,1978,6,112000
552,2,2009.0,6,2,1314,1314,1300,936,72.0,2009,2009,8,229456
0,0,1980.0,3,1,912,672,0,0,0.0,1950,1947,4,80500
0,0,1980.0,7,1,1218,672,672,0,236.0,1971,1971,6,91500
288,1,1964.0,5,1,912,912,912,312,0.0,1964,1964,5,115000
322,1,1968.0,5,1,1211,1211,952,250,0.0,1968,1968,5,134000
315,1,1949.0,7,2,1846,1168,1040,196,320.0,1950,1949,6,143000
528,2,1951.0,7,2,2136,2136,2136,756,44.0,1951,1951,5,137900
388,2,2004.0,8,2,1490,788,788,724,0.0,2005,2004,7,184000
264,1,1958.0,6,1,1138,1138,588,507,63.0,1958,1958,6,145000
668,3,2007.0,9,2,1933,894,894,0,74.0,2007,2007,6,214000
576,2,1992.0,5,1,912,912,912,595,300.0,2008,1965,5,147000
1052,3,2008.0,7,1,1702,1702,1702,1540,766.0,2008,2008,9,367294
404,1,1960.0,7,2,1507,1507,1075,666,0.0,1960,1960,5,127000
600,2,1977.0,12,2,2620,1361,1361,498,1.0,1977,1977,5,190000
540,2,1962.0,6,1,1190,1190,1106,803,120.0,1962,1962,5,132500
462,2,1962.0,6,2,1224,1224,0,0,0.0,1962,1962,4,101800
531,2,1959.0,6,1,1188,1188,1188,1000,180.0,1959,1959,5,142000
0,0,1980.0,7,1,1964,1024,940,0,0.0,1950,1911,5,130000
180,1,1914.0,9,1,1784,892,747,0,0.0,1950,1914,5,138887
474,2,2003.0,6,2,1626,764,764,0,106.0,2003,2003,7,175500
434,2,2004.0,8,2,1948,847,847,0,0.0,2005,2004,7,195000
484,2,2005.0,6,1,1141,1141,1141,0,0.0,2005,2005,6,142500
472,2,2006.0,6,2,1484,1484,1476,428,32.0,2006,2006,8,265900
543,2,2003.0,8,2,1768,884,884,550,252.0,2003,2003,7,224900
954,3,2007.0,7,2,1689,1689,1689,0,0.0,2007,2007,7,248328
528,2,1974.0,6,2,1173,1173,1053,885,81.0,1974,1974,7,170000
850,3,2006.0,7,2,2076,2076,2076,1386,0.0,2006,2006,10,465000
400,2,1931.0,7,1,1517,792,792,0,0.0,1950,1929,8,230000
477,2,1984.0,7,3,1868,1140,585,0,74.0,2003,1984,6,178000
615,2,2005.0,6,2,1553,756,756,0,0.0,2006,2005,7,186500
888,3,1976.0,6,1,1034,1034,1012,539,335.0,1976,1976,6,169900
396,2,1950.0,8,1,2058,1134,735,319,0.0,1950,1917,6,129500
276,1,1950.0,6,1,988,988,876,534,0.0,1950,1950,5,119000
522,2,1968.0,8,2,2110,2110,2110,1065,0.0,1968,1968,7,244000
478,2,2003.0,6,2,1405,1405,1405,0,163.0,2003,2003,7,171750
288,1,1968.0,5,1,874,874,864,510,0.0,1968,1968,5,130000
518,2,1974.0,9,2,2167,1516,1192,125,0.0,2003,1974,7,294000
397,2,2003.0,7,2,1656,760,746,0,92.0,2004,2003,7,165400
560,1,1978.0,6,1,1367,959,884,425,0.0,1950,1931,6,127500
691,2,1994.0,7,2,1987,1987,1986,1314,554.0,1994,1994,8,301500
0,0,1980.0,4,1,864,864,864,0,0.0,1950,1922,5,99900
400,2,2005.0,5,2,1166,1166,856,655,182.0,2005,2005,7,190000
460,2,1969.0,6,1,1054,1054,1054,602,0.0,1969,1969,6,151000
502,2,1999.0,7,2,1675,892,841,0,0.0,1999,1999,6,181000
338,1,1956.0,5,1,1050,1050,1050,504,0.0,1956,1956,5,128900
304,1,1957.0,8,1,1788,1104,1104,0,0.0,1989,1957,4,161500
520,2,1940.0,8,1,1824,1060,764,0,0.0,1950,1919,6,180500
511,2,1998.0,5,2,1337,1337,1405,266,0.0,1999,1998,6,181000
506,2,1999.0,6,2,1452,713,691,450,218.0,1999,1999,7,183900
308,1,1960.0,9,1,1889,964,925,0,0.0,1950,1910,7,122000
746,3,2009.0,10,2,2018,2018,2002,0,0.0,2009,2008,9,378500
1014,3,1982.0,11,3,3447,1968,728,192,632.0,1997,1935,8,381000
315,1,1958.0,7,1,1524,874,874,460,180.0,1958,1958,5,144000
586,2,1979.0,4,0,1524,1332,1332,1258,0.0,1979,1979,7,260000
462,2,1968.0,7,2,1489,1489,1489,0,0.0,1968,1968,6,185750
288,1,1965.0,5,1,935,935,935,560,114.0,1965,1965,5,137000
312,1,1959.0,5,1,1357,1357,1019,719,84.0,2006,1959,6,177000
552,2,1985.0,8,2,1250,661,661,0,0.0,2003,1910,5,139000
400,2,1948.0,10,2,1920,928,928,220,567.0,1950,1948,5,137000
497,2,1972.0,6,1,1395,735,723,593,0.0,1972,1972,6,162000
480,2,1967.0,7,1,1724,1724,1680,528,359.0,1976,1967,6,197900
577,2,2002.0,7,2,2031,1128,1128,804,0.0,2002,2002,8,237000
528,2,1980.0,6,1,1128,698,698,0,0.0,1950,1920,4,68400
544,2,2002.0,6,2,1573,1573,1573,788,110.0,2002,2002,7,227000
484,2,1990.0,6,2,1339,1339,1309,1053,54.0,1990,1990,7,180000
484,2,1977.0,5,2,1040,1040,1040,532,0.0,2008,1977,5,150500
0,0,1980.0,8,2,1824,912,912,0,0.0,1971,1971,6,139000
336,1,1969.0,10,2,2447,1699,804,0,0.0,1990,1919,6,169000
280,1,1939.0,6,1,1412,825,780,0,0.0,1950,1939,6,132500
528,2,1963.0,6,1,1328,1328,1328,569,451.0,1963,1963,6,143000
390,2,1964.0,7,2,1582,1582,1624,812,621.0,1964,1964,5,190000
499,2,2000.0,5,2,1659,1659,1501,1158,0.0,2000,2000,8,278000
753,3,2006.0,8,2,1970,1120,1085,0,788.0,2006,2006,8,281000
484,2,1964.0,6,1,1152,1152,1152,1014,86.0,1964,1964,5,180500
264,1,1972.0,6,2,1302,630,630,231,268.0,1972,1972,5,119500
432,1,1985.0,11,2,2372,1378,994,0,0.0,1965,1892,5,107500
528,2,1976.0,8,2,1664,832,832,194,0.0,1976,1976,7,162900
572,2,1957.0,5,1,864,864,864,167,0.0,1990,1955,5,115000
288,1,1968.0,5,1,1052,1052,1052,1016,168.0,1968,1968,5,138500
525,2,1963.0,6,2,1128,1128,1120,776,148.0,1963,1963,5,155000
525,2,2005.0,5,2,1072,1072,547,547,82.0,2006,2005,6,140000
1418,2,2008.0,12,2,5642,4692,6110,5644,796.0,2008,2008,10,160000
305,1,1959.0,6,1,1246,1246,1246,340,0.0,1994,1959,5,154000
490,2,1999.0,9,2,1983,1005,978,694,344.0,1999,1999,7,225000
213,1,1942.0,7,1,1494,753,771,547,0.0,1950,1942,6,177500
844,3,1994.0,8,2,2526,1203,1165,740,391.0,1994,1994,8,290000
834,3,2005.0,7,2,1616,1616,1616,0,228.0,2005,2005,7,232000
380,2,2004.0,7,2,1708,976,976,0,117.0,2004,2004,7,130000
840,2,2006.0,6,2,1652,1652,1652,1572,300.0,2007,2006,9,325000
474,2,2005.0,6,2,1368,1368,1368,0,94.0,2006,2005,7,202500
480,2,2000.0,5,1,990,990,990,746,0.0,1995,1994,5,138000
528,2,1948.0,6,1,1122,1122,924,144,0.0,2005,1948,5,147000
496,2,1991.0,6,2,1294,1294,1278,1200,88.0,1991,1991,6,179200
567,2,1959.0,7,2,1902,1902,1902,1406,0.0,2002,1959,7,335000
508,2,2005.0,6,2,1274,1274,1274,925,80.0,2007,2005,7,203000
750,2,1990.0,9,2,2810,1453,1453,482,336.0,1990,1990,8,302000
779,3,1999.0,10,2,2599,1422,1393,0,165.0,1999,1999,9,333168
280,1,1956.0,5,1,948,948,948,732,0.0,1954,1954,4,119000
576,2,1969.0,9,2,2112,1092,952,500,0.0,1969,1969,6,206900
860,3,2008.0,8,2,1630,1630,1622,0,270.0,2008,2008,8,295493
466,2,2006.0,5,2,1352,1352,1352,0,0.0,2007,2006,7,208900
748,3,2001.0,7,2,1787,1787,1753,0,178.0,2002,2001,8,275000
248,1,1954.0,5,1,948,948,864,492,132.0,1954,1954,4,111000
442,2,1957.0,6,1,1478,1478,1478,189,0.0,1957,1957,6,156500
287,1,1955.0,4,1,720,720,0,0,0.0,1950,1949,3,72500
564,2,1992.0,8,2,1923,1061,750,674,0.0,1992,1992,7,190000
0,0,1980.0,5,1,708,708,420,280,0.0,1950,1940,4,82500
895,3,2007.0,7,2,1795,1795,1795,0,428.0,2007,2006,8,147000
0,0,1980.0,5,1,796,796,796,0,0.0,1950,1922,4,55000
0,0,1980.0,6,1,774,774,544,544,0.0,2006,1931,3,79000
264,1,1982.0,5,1,816,816,816,641,0.0,2008,1982,5,130500
520,2,1920.0,8,2,2792,1584,1510,493,0.0,1950,1920,6,256000
462,2,1998.0,8,2,1632,955,935,0,0.0,1998,1998,7,176500
825,3,2006.0,7,2,1588,1588,1588,0,410.0,2006,2006,8,227000
576,2,1976.0,6,1,954,954,911,483,0.0,1976,1976,5,132500
288,1,1958.0,3,1,816,816,816,690,0.0,1958,1938,4,100000
297,1,1951.0,6,1,1360,803,803,0,0.0,1995,1938,5,125500
440,2,1970.0,7,1,1365,765,765,765,312.0,1970,1970,5,125000
630,2,1977.0,6,2,1334,1334,1350,686,360.0,1977,1977,6,167900
506,2,1973.0,8,2,1656,1656,1656,0,564.0,1973,1973,5,135000
0,0,1980.0,4,1,693,693,693,0,0.0,1950,1941,4,52500
492,2,2002.0,8,2,1861,920,916,700,0.0,2002,2002,7,200000
288,1,1972.0,5,1,864,864,864,360,0.0,1972,1972,5,128500
480,4,1974.0,5,1,872,872,858,0,0.0,1971,1971,4,123000
576,2,2004.0,6,1,1114,1114,1114,814,0.0,2004,2003,6,155000
647,2,2002.0,7,2,2169,1284,1284,0,149.0,2002,2002,8,228500
342,2,1929.0,9,1,1913,1172,896,0,0.0,1950,1928,6,177000
440,2,2006.0,8,2,1456,728,728,0,0.0,2006,2006,7,155835
308,1,1997.0,5,1,960,960,960,250,0.0,1950,1920,4,108500
508,2,1968.0,9,2,2156,2156,1568,297,0.0,2003,1968,7,262500
712,3,2006.0,7,2,1776,1776,1732,80,100.0,2007,2006,8,283463
514,2,1998.0,5,2,1494,1494,1482,1443,0.0,1998,1998,7,215000
0,0,1980.0,8,2,2358,938,684,259,0.0,1987,1872,8,122000
968,4,1969.0,12,2,2634,1338,1248,500,368.0,1969,1969,5,200000
490,2,1962.0,8,1,1716,858,858,319,318.0,1962,1962,6,171000
624,2,1999.0,4,1,1176,786,698,0,0.0,2000,1937,6,134900
666,3,1996.0,9,2,3238,2053,2033,816,579.0,1996,1995,8,410000
839,3,2000.0,7,2,1865,992,992,735,0.0,2000,2000,7,235000
487,2,1968.0,8,3,1920,1222,570,0,143.0,1992,1968,7,170000
264,1,1966.0,5,1,892,892,864,340,65.0,1966,1966,5,110000
500,2,1971.0,6,1,1078,1078,1078,734,0.0,2008,1971,5,149900
440,2,2000.0,5,2,1573,769,756,378,216.0,2000,2000,6,177500
770,3,2004.0,8,2,1980,1980,1980,1447,66.0,2005,2004,9,315000
621,2,1998.0,8,3,2601,990,612,0,0.0,1998,1921,5,189000
430,2,2005.0,7,2,1530,1530,1530,1274,16.0,2005,2005,7,260000
368,1,1920.0,7,2,1738,1281,715,0,0.0,2007,1920,4,104900
432,2,2007.0,6,2,1412,616,616,0,0.0,2007,2006,6,156932
480,2,2005.0,4,2,1200,520,600,0,0.0,2005,2005,7,144152
663,2,2000.0,7,2,1674,814,814,533,0.0,2000,2000,7,216000
588,2,1999.0,7,2,1790,882,873,633,158.0,1999,1999,7,193000
336,1,1977.0,6,2,1475,925,757,548,0.0,1977,1977,5,127000
420,2,2003.0,4,1,848,848,848,685,170.0,2004,2003,6,144000
502,2,2003.0,8,2,1668,1668,1657,370,171.0,2003,2003,8,232000
338,1,1967.0,6,1,1374,840,840,315,0.0,1950,1920,4,105000
377,1,1955.0,8,1,1661,1661,992,831,0.0,1996,1955,6,165500
583,2,1998.0,8,2,2097,1108,1108,975,0.0,1998,1998,7,274300
804,3,2001.0,8,2,2633,2633,2633,1282,705.0,2002,2001,10,466500
936,3,2005.0,9,2,1958,1026,1026,0,0.0,2005,2005,7,250000
722,3,2007.0,7,2,1571,1571,1571,0,80.0,2007,2007,8,239000
160,1,1925.0,4,1,790,790,768,384,0.0,1950,1930,6,91000
660,2,1977.0,6,2,1604,984,984,408,0.0,1960,1941,5,117000
264,1,1973.0,5,1,987,483,483,309,408.0,1973,1973,6,83000
400,2,2007.0,7,2,1394,754,384,0,0.0,2007,2006,5,167500
200,1,1938.0,5,1,864,864,864,203,0.0,1950,1914,3,58500
550,2,1970.0,7,2,2117,2117,1205,865,0.0,1970,1970,6,237500
576,2,1989.0,8,1,1762,998,596,0,0.0,1950,1920,7,157000
576,2,2007.0,7,2,1416,1416,816,0,0.0,2007,1918,5,112000
280,1,1939.0,6,1,1258,698,560,204,0.0,1950,1939,6,105000
240,1,1922.0,7,1,1154,796,796,735,0.0,2007,1922,4,125500
564,2,1978.0,12,3,2784,1392,1392,790,184.0,1978,1978,7,250000
216,1,1916.0,10,2,2526,1664,714,168,0.0,1950,1916,6,136000
758,3,2006.0,7,2,1746,1746,1746,1320,160.0,2007,2006,9,377500
440,2,2003.0,6,1,1218,869,735,375,0.0,1950,1941,6,131000
541,2,2000.0,6,2,1525,1525,1525,1400,244.0,2000,2000,7,235000
792,3,1967.0,8,2,1584,1584,1584,0,0.0,1967,1967,5,124000
288,1,1967.0,6,1,900,900,864,769,0.0,1967,1967,5,123000
672,2,2003.0,7,2,1912,1221,482,0,0.0,2000,1905,6,163000
648,3,2006.0,6,2,1500,1500,1356,1070,45.0,2006,2006,7,246578
642,3,2005.0,9,2,2482,1133,1094,0,245.0,2006,2005,8,281213
572,2,1966.0,7,1,1687,1687,747,353,0.0,1950,1948,5,160000
180,1,1933.0,8,1,1513,939,939,0,0.0,2004,1920,5,137500
240,1,1950.0,7,1,1904,1136,1208,180,0.0,1982,1950,5,138000
216,1,1925.0,7,2,1608,1160,976,264,0.0,1990,1925,6,137450
208,1,1929.0,5,1,1158,950,862,0,0.0,1950,1929,6,120000
398,2,2004.0,8,2,1593,864,839,759,0.0,2004,2004,6,193000
662,2,2006.0,6,2,1294,1294,1286,0,0.0,2006,2006,7,193879
754,3,2007.0,6,2,1464,1464,1485,929,84.0,2007,2007,8,282922
936,3,1998.0,6,1,1214,694,672,0,0.0,1950,1915,3,105000
482,2,2004.0,5,2,1646,1646,1594,1373,174.0,2005,2004,8,275000
396,2,1988.0,5,1,768,768,768,656,0.0,2007,1972,5,133000
0,0,1980.0,5,1,833,833,833,625,0.0,1985,1985,5,112000
528,2,1966.0,6,1,1363,741,622,0,0.0,1950,1910,4,125500
542,2,1986.0,7,2,2093,1236,791,0,123.0,1991,1986,7,215000
622,2,2001.0,6,2,1840,944,944,666,0.0,2001,2001,7,230000
271,1,1950.0,6,1,1668,1112,856,120,0.0,2005,1950,6,140000
420,2,1956.0,6,2,1040,1040,0,0,0.0,1950,1949,4,90000
620,2,2005.0,7,2,1844,1844,1844,976,366.0,2006,2005,8,257000
370,2,1922.0,8,1,1848,1053,833,0,0.0,2000,1923,6,207000
660,3,2007.0,7,2,1569,1569,1386,988,130.0,2007,2007,7,175900
560,2,1971.0,11,2,2290,1246,777,0,0.0,1950,1885,4,122500
1069,3,1998.0,7,2,2450,1310,1284,781,731.0,1998,1998,8,340000
336,1,1962.0,6,1,1144,1144,1144,25,0.0,1963,1963,5,124000
540,2,1969.0,7,2,1844,1844,1844,1110,312.0,1969,1969,6,223000
776,2,1968.0,7,2,1416,708,708,404,420.0,1968,1968,6,179900
440,2,1977.0,4,2,1069,1069,1069,360,0.0,1977,1977,6,127500
420,2,2003.0,3,1,848,848,848,686,170.0,2003,2003,6,136500
432,2,1966.0,8,2,2201,1575,697,0,0.0,1966,1966,6,274970
484,1,1970.0,6,1,1344,1344,1024,457,0.0,1983,1958,5,144000
528,2,1960.0,7,1,1252,1252,1252,0,243.0,1959,1959,6,142000
525,2,1994.0,5,2,2127,1223,1223,1000,448.0,1994,1994,7,271000
288,1,1962.0,6,1,1558,1048,913,580,0.0,1950,1945,5,140000
240,1,1940.0,4,1,804,804,788,510,294.0,1992,1940,5,119000
467,2,1981.0,7,2,1440,1440,1440,678,310.0,1981,1981,6,182900
372,2,2005.0,7,2,1838,734,732,0,0.0,2005,2005,5,192140
440,2,1976.0,5,2,958,958,958,958,0.0,1976,1976,6,143750
216,1,1928.0,5,2,968,968,656,0,0.0,2007,1927,4,64500
451,2,2000.0,8,2,1792,962,936,0,318.0,2000,2000,6,186500
484,2,1977.0,5,2,1126,1126,1126,936,0.0,1977,1977,5,160000
462,2,1962.0,7,1,1537,1537,1319,0,237.0,2005,1962,6,174000
528,2,1974.0,5,1,864,864,864,616,0.0,1971,1971,4,120500
774,3,2008.0,7,2,1932,1932,1932,1336,426.0,2008,2008,8,394617
923,2,1957.0,6,1,1236,1236,912,600,0.0,1996,1957,6,149700
550,2,1979.0,6,2,1725,1040,539,315,96.0,1979,1979,7,197000
672,2,1993.0,11,2,2555,1423,588,0,0.0,1994,1922,6,191000
420,2,2004.0,3,1,848,848,848,697,147.0,2004,2004,6,149300
812,3,2008.0,10,2,2007,1026,1017,765,160.0,2008,2008,10,310000
192,1,1916.0,4,1,952,952,952,0,0.0,1950,1916,6,121000
626,2,2004.0,7,2,1422,1422,1422,0,106.0,2004,2004,7,179600
240,1,1990.0,6,1,913,913,814,187,0.0,1966,1966,6,129000
312,1,1962.0,6,1,1188,1188,1188,593,189.0,1962,1962,5,157900
556,2,1995.0,8,2,2090,1220,1220,1079,438.0,1996,1995,8,240000
384,1,1950.0,6,1,1346,796,560,0,0.0,2000,1910,4,112000
0,0,1980.0,3,1,630,630,630,553,0.0,1970,1970,5,92000
0,0,1980.0,8,2,1792,896,896,0,0.0,1974,1974,5,136000
840,3,2008.0,7,2,1578,1578,1573,0,194.0,2009,2008,8,287090
525,2,2005.0,5,1,1072,1072,547,547,80.0,2005,2005,5,145000
0,0,1980.0,6,1,1140,1140,1140,0,0.0,2006,2006,5,84500
400,2,2004.0,6,2,1221,1221,1221,410,0.0,2005,2004,7,185000
460,2,1999.0,7,2,1647,953,953,0,0.0,2000,1999,6,175000
500,2,1978.0,7,2,2073,2073,1542,790,119.0,1988,1978,6,210000
252,1,1941.0,9,2,2340,1188,1152,275,0.0,2006,1941,7,266500
240,1,1950.0,5,1,1078,1078,1078,49,0.0,1996,1950,5,142125
276,1,1965.0,6,1,1256,1256,1256,830,0.0,1965,1965,5,147500
